text,id,pubdate
RT @Helper37216548: I support it if IPOB take ARM'S.
That thing that will happen next 4 years should happen this year.

Nigeria is a terror…, 1298584558649184257, 2020-08-26 11:34:19
Nigeria's Zamfara state offers repentant bandits cows for AK-47s
https://t.co/3zazOwLsgB, 1298588772980809728, 2020-08-26 11:51:04
RT @MarkOnyewuenyi: Bunch of Fulani slaves, 1298588780568469504, 2020-08-26 11:51:06
RT @ELBINAWI: 1/+
Hey Tyrant @MBuhari &amp; Governor @AWTambuwal,

If you can send 12 truck load of heavily-armed Police to the Sokoto Husseini…, 1298588786943762433, 2020-08-26 11:51:08
RT @ChigozieKenndy2: With Silent of IGBO Governors 
U all can now see who d Real Enemies are
Their Royalty is Fulani Caliphate,our Lives ar…, 1298588787635892224, 2020-08-26 11:51:08
RT @KaluMazi: @TeamTrump The Nigeria fulani muslim controlled structures enable/pays terrorism.sharing information with nigeria on terroris…, 1298588788180971521, 2020-08-26 11:51:08
RT @MaziNnamdiKanu: State terrorism is terrorism. Fulani terrorism is terrorism. Fulani @NGRPresident terrorism is terrorism. @PoliceNG ter…, 1298588790559105032, 2020-08-26 11:51:08
RT @MaziNnamdiKanu: State terrorism is terrorism. Fulani terrorism is terrorism. Fulani @NGRPresident terrorism is terrorism. @PoliceNG ter…, 1298588812772245504, 2020-08-26 11:51:14
RT @MaziNnamdiKanu: State terrorism is terrorism. Fulani terrorism is terrorism. Fulani @NGRPresident terrorism is terrorism. @PoliceNG ter…, 1298588815175581697, 2020-08-26 11:51:14
RT @MaziNnamdiKanu: State terrorism is terrorism. Fulani terrorism is terrorism. Fulani @NGRPresident terrorism is terrorism. @PoliceNG ter…, 1298588818807889921, 2020-08-26 11:51:15
RT @TheBiafraExit: We #RejectNigeria and demand #BiafraExit #SilentSlaughter #suportBiafraReferendum @realDonaldTrump
  @netanyahu @BorisJo…, 1298588847656312832, 2020-08-26 11:51:22
RT @ELBINAWI: 1/+
Hey Tyrant @MBuhari &amp; Governor @AWTambuwal,

If you can send 12 truck load of heavily-armed Police to the Sokoto Husseini…, 1298588854992146433, 2020-08-26 11:51:24
RT @Uncle42066693: I’ve absolutely NO sympathy for any person/persons/groups directly or indirectly support/encourage or masterminding the…, 1298588859224096768, 2020-08-26 11:51:25
"I'm still fucking mad."
"Don't be, please. You're overreacting."
"Overreacting? Some fucking lunatic gets into my… https://t.co/wYv7Ub6Q2x, 1298588860084084737, 2020-08-26 11:51:25
RT @Chibuzo76881211: Here is another one. That thin in Lagos called Igbokwe something. Look at him before he started eating Fulani fruits a…, 1298588864198696961, 2020-08-26 11:51:26
RT @BanjoHfuhruhur: @JohnCleese Katherine Helmond and Peter Vaughan inspect the day's catch in a scene from the film 'Time Bandits', 1981.…, 1298588874055319552, 2020-08-26 11:51:28
Bandits masqués, cageots emburkinées https://t.co/tbRB04twpM via @Resistance_R, 1298588886076137474, 2020-08-26 11:51:31
RT @ifeomaStellaAd1: When will the Army, Police, DSS, and SARS clash with the Fulani Herdsmen?, 1298588886864519168, 2020-08-26 11:51:31
RT @BanjoHfuhruhur: @JohnCleese Michael and Shelley Duvall look to their right in a scene from the film 'Time Bandits', 1981. https://t.co/…, 1298588888424943617, 2020-08-26 11:51:32
RT @JustSociety4all: John Momoh of Channels Television - the official voice and image maker for the Fulani Herdsmen has been rewarded by Mu…, 1298588891964997632, 2020-08-26 11:51:33
RT @MaziNnamdiKanu: State terrorism is terrorism. Fulani terrorism is terrorism. Fulani @NGRPresident terrorism is terrorism. @PoliceNG ter…, 1298588896616488967, 2020-08-26 11:51:34
RT @MoEltiMbooKoki: Donc hier en plein #Douala 5 des dizaines de jeunes bandits munis d'armes blanches ont braqué une pizzeria, et les comm…, 1298588898537373698, 2020-08-26 11:51:34
RT @ncheks2005: the fulani inspector General of Police secretly &amp; met with him on a different location to discuss the matter &amp; later agree…, 1298588915918467073, 2020-08-26 11:51:38
RT @ifeomaStellaAd1: When will the Army, Police, DSS, and SARS clash with the Fulani Herdsmen?, 1298588926232297474, 2020-08-26 11:51:41
RT @CinyereA: UK is sponsoring terrorism. Stop the killings and divide your evil terrorist Company Nigeria. Evil people everywhere. #Biafra…, 1298588935527043079, 2020-08-26 11:51:43
RT @MaziNnamdiKanu: State terrorism is terrorism. Fulani terrorism is terrorism. Fulani @NGRPresident terrorism is terrorism. @PoliceNG ter…, 1298588947493380096, 2020-08-26 11:51:46
RT @catboysims: Is it weird that my first reaction to thinking about my past self isn't cringe it's like. How do I kidnap my child self and…, 1298588957756862466, 2020-08-26 11:51:48
Very very sad, 
it's been a long time since they started killing us.
It's now very unbearable.
Those who live by sw… https://t.co/7DPZd2x9LT, 1298588969505038337, 2020-08-26 11:51:51
RT @CinyereA: UK is sponsoring terrorism. Stop the killings and divide your evil terrorist Company Nigeria. Evil people everywhere. #Biafra…, 1298588979155972096, 2020-08-26 11:51:53
We should and must arm ourselves to stop all these killings., 1298588991822999552, 2020-08-26 11:51:56
@MaziNnamdiKanu @NGRPresident @PoliceNG @DefenceInfoNG @UKinNigeria @SecPompeo @USinNigeria @OpenDoors @AmnestyUK… https://t.co/ynGcgGlZ0z, 1298589000601677824, 2020-08-26 11:51:59
RT @MaziNnamdiKanu: Fulani herders [terrorists] have killed at least 3,897 people in Nigeria since 2015 after Muhammadu Buhari, a Fulani, w…, 1298589000815521793, 2020-08-26 11:51:59
RT @Omambala_Chuks: #RT @Amaka_Ekwo: RT @MaziNnamdiKanu: State terrorism is terrorism. Fulani terrorism is terrorism. Fulani @NGRPresident…, 1298589013608001536, 2020-08-26 11:52:02
RT @ATasteOfAfrica7: The puppets place as eastern governors do not work for the people! They work for the Fulani Nigerian terrorists govern…, 1298589014187020288, 2020-08-26 11:52:02
RT @MaziNnamdiKanu: State terrorism is terrorism. Fulani terrorism is terrorism. Fulani @NGRPresident terrorism is terrorism. @PoliceNG ter…, 1298589019970953222, 2020-08-26 11:52:03
RT @ElochukwuOhagi: We are talking about the massacre of 21 Igbo youtns, and Enugu CP who is also a Fulani Muslim is talking about the deat…, 1298589032029577216, 2020-08-26 11:52:06
RT @JustSociety4all: When will the Army, Police, DSS, and SARS clash with the Fulani Herdsmen?, 1298589041927962625, 2020-08-26 11:52:08
RT @EdoIpob: This is nigeria police officer, taking picture with fulani terrorist with arms but when it comes to armless Biafrans they will…, 1298589051545620482, 2020-08-26 11:52:11
RT @MaziNnamdiKanu: State terrorism is terrorism. Fulani terrorism is terrorism. Fulani @NGRPresident terrorism is terrorism. @PoliceNG ter…, 1298589100279242754, 2020-08-26 11:52:22
RT @RaceEastern: What Biafrans needs now is to undermine all their Fulani propped up socio-cultural groups like #Ohanaeze led by @NniaNwodo…, 1298589102753882112, 2020-08-26 11:52:23
RT @oluchristty: How can we be one country with different judicial systems?

Support #BiafraExit, that's the only solution to end Fulani te…, 1298589126590107648, 2020-08-26 11:52:29
RT @greggutfeld: @AriFleischer DNC had a convicted murderer who raped and tortured a kidnap victim, on their roster - the media dutifully i…, 1298589131069587457, 2020-08-26 11:52:30
@PoliceSynergie voleurs, bandits, racaille, vous n'avez pas de place en démocratie je propose le Bagne, 1298589143669379072, 2020-08-26 11:52:33
RT @REPUBLICOFBIAF1: World leaders End Nigeria terrorism government Now support Biafra freedom @antonioguterres @realDonaldTrump @FLOTUS @G…, 1298589149906206720, 2020-08-26 11:52:34
RT @Helper37216548: I support it if IPOB take ARM'S.
That thing that will happen next 4 years should happen this year.

Nigeria is a terror…, 1298589160765366274, 2020-08-26 11:52:37
@GeorgeNootFound He needed to kidnap you dude why didnt you let him kidnap you, 1298589165764988932, 2020-08-26 11:52:38
RT @JamilaOthman3: My name is Jamila, I'm fulani from Adamawa state, please since ASUU and FG are not willing to resume our schools, retwee…, 1298589185339731968, 2020-08-26 11:52:43
RT @MaziNnamdiKanu: State terrorism is terrorism. Fulani terrorism is terrorism. Fulani @NGRPresident terrorism is terrorism. @PoliceNG ter…, 1298589187873144835, 2020-08-26 11:52:43
RT @CinyereA: UK is sponsoring terrorism. Stop the killings and divide your evil terrorist Company Nigeria. Evil people everywhere. #Biafra…, 1298589191505354758, 2020-08-26 11:52:44
RT @Xetame: That tinubu slave in Lagos called @igbokwe_joe Look at wat he said before he started eating Fulani fruits. Today he can open hi…, 1298589191849246722, 2020-08-26 11:52:44
RT @trustin_god: Terrorism is burning and bombing of innocent people’s houses and churches and nigaa-area government has committed terroris…, 1298589193103462402, 2020-08-26 11:52:44
RT @DavidOl57450723: The fulani headsmen that are killing people all around our villages, when will the zoo Nigeria police and the military…, 1298589209910018049, 2020-08-26 11:52:48
RT @ChigozieKenndy2: Eye for an Eye

#Self_Defense
If someone hurts U, you hurt them back.
We must defend our lives or we shall perish, we…, 1298589221675053056, 2020-08-26 11:52:51
They say theirs someone for everyone. I can't stop wondering. When is my someone gonna come shrink and kidnap me...… https://t.co/mN7Ifvn0ux, 1298589227530301440, 2020-08-26 11:52:53
n Nigeria when you hear, Nigeria forces has arrested 155 or have captured 320 Boko Haram, fulani herdsmen, bandits… https://t.co/F35QAmTreq, 1298589231976153088, 2020-08-26 11:52:54
RT @RaceEastern: What Biafrans needs now is to undermine all their Fulani propped up socio-cultural groups like #Ohanaeze led by @NniaNwodo…, 1298589258102517762, 2020-08-26 11:53:00
RT @jacobsonslyon: @markcurtis30 And they are still backing the Fulani controlled Nigeria government to annihilate the Igbo race who both o…, 1298589280206553090, 2020-08-26 11:53:05
RT @MaziNnamdiKanu: Fulani herders [terrorists] have killed at least 3,897 people in Nigeria since 2015 after Muhammadu Buhari, a Fulani, w…, 1298589282660159489, 2020-08-26 11:53:06
RT @BanjoHfuhruhur: @JohnCleese Katherine Helmond and Peter Vaughan inspect the day's catch in a scene from the film 'Time Bandits', 1981.…, 1298589284702851073, 2020-08-26 11:53:06
RT @MalachyOdo1: Asked my friend who's a DSS official in Enugu why they've never clashed with Fulani herdsmen and he just started laughing…, 1298589284728016897, 2020-08-26 11:53:06
RT @DejiAdesogan: Operation Sahel Sanity of the Nigerian Army conducted a successful raid operation of an illegal mining site in Bukuyyum L…, 1298589287605317632, 2020-08-26 11:53:07
RT @TOCHUKWUNWABIA1: World leaders End Nigeria terrorism government Now support Biafra freedom @antonioguterres @realDonaldTrump @FLOTUS @G…, 1298589292474896389, 2020-08-26 11:53:08
RT @BanjoHfuhruhur: @JohnCleese Michael and Shelley Duvall look to their right in a scene from the film 'Time Bandits', 1981. https://t.co/…, 1298589297394757632, 2020-08-26 11:53:09
RT @BenDike5: @Victor35517418 Police will not clash with the fulani herdsmen terrorists, Joe igbokwe won't see this, and oha na eze will no…, 1298589301756788738, 2020-08-26 11:53:10
RT @ElochukwuOhagi: Take on those calling themselves your leaders. They are your number 1 enemy. They have occupied space in eternal servic…, 1298589303661002752, 2020-08-26 11:53:11
RT @ChineduConside2: When last did @PoliceNG and @NigeriaDss clash with fulani herdsmen and Bokoharam terrorists. Killing unarmed Igbo/Biaf…, 1298589305175236608, 2020-08-26 11:53:11
RT @RaceEastern: We in IPOB strongly reject @NniaNwodo, his #Ohanaeze, the #governors and other political elites' #DEPOSITS in Igbo land.…, 1298589314951966720, 2020-08-26 11:53:13
RT @MoEltiMbooKoki: Donc hier en plein #Douala 5 des dizaines de jeunes bandits munis d'armes blanches ont braqué une pizzeria, et les comm…, 1298589357520150528, 2020-08-26 11:53:24
RT @MaziNnamdiKanu: State terrorism is terrorism. Fulani terrorism is terrorism. Fulani @NGRPresident terrorism is terrorism. @PoliceNG ter…, 1298589367758458881, 2020-08-26 11:53:26
RT @oluchristty: DEAR IGBO LEADERS,
FULANI  IS DOING  WHAT IS BEST FOR THEM AND THEIR PEOPLE, WHEN WILL YOU START TO DO WHAT IS BEST FOR YO…, 1298589368366620674, 2020-08-26 11:53:26
RT @_SirWilliam_: If supply falls but demand remains constant, it will ALWAYS lead to inflation.

The maize inflation is worse because of i…, 1298589375874453504, 2020-08-26 11:53:28
RT @AloyEjimakor: And another one said: “We will write this for all to read. Anyone, soldier or not that kills the Fulani takes a loan repa…, 1298589400578904066, 2020-08-26 11:53:34
RT @Xetame: #IPOB volunteers in Aba holds a peaceful protest in solidarity with their Enugu counterparts murdered on Sunday 23/8/2020 by th…, 1298589404177543168, 2020-08-26 11:53:35
RT @JustSociety4all: When will the Army, Police, DSS, and SARS clash with the Fulani Herdsmen?, 1298589427569176576, 2020-08-26 11:53:40
RT @nedum030: @realDonaldTrump,@WhiteHouse ,@VladPutin, please ask Buhari of Nigeria how many Bokoharam and Fulani herdsmen are on trial in…, 1298589431138377728, 2020-08-26 11:53:41
RT @RaceEastern: A people who believe in pillaging, burning and looting others will not last long in the struggle of men to establish a sta…, 1298589445629677568, 2020-08-26 11:53:45
RT @MaziNnamdiKanu: State terrorism is terrorism. Fulani terrorism is terrorism. Fulani @NGRPresident terrorism is terrorism. @PoliceNG ter…, 1298589463560556545, 2020-08-26 11:53:49
RT @VoiceOfAFO: @MaziNnamdiKanu @StateDept @SecPompeo @WhiteHouse Boko Haram and Bandits have been Killing innocent Citizens. World Leaders…, 1298589476248326144, 2020-08-26 11:53:52
RT @BiafraGadi: Can you please tell me what these useless @PoliceNG Anti crime patrolling in Anambra, There's much crime in the northern Zo…, 1298589479838650369, 2020-08-26 11:53:53
RT @Helper37216548: I support it if IPOB take ARM'S.
That thing that will happen next 4 years should happen this year.

Nigeria is a terror…, 1298589486411141120, 2020-08-26 11:53:54
RT @MalachyOdo1: Asked my friend who's a DSS official in Enugu why they've never clashed with Fulani herdsmen and he just started laughing…, 1298589488789295105, 2020-08-26 11:53:55
RT @MaziNnamdiKanu: State terrorism is terrorism. Fulani terrorism is terrorism. Fulani @NGRPresident terrorism is terrorism. @PoliceNG ter…, 1298589505612656641, 2020-08-26 11:53:59
RT @ChigozieKenndy2: Dear @BorisJohnson the #British high commission to #Niggeria  @CatrionaLaing1 is fantastically #Corrupt she is working…, 1298589506485006336, 2020-08-26 11:53:59
RT @OkeZion1: Dear president Nana kufo of Ghana,the man in this picture is jihadist Ahmed Nasir el rufai,he is the czar of d jihadist fulan…, 1298589522125631488, 2020-08-26 11:54:03
RT @JustSociety4all: When will the Army, Police, DSS, and SARS clash with the Fulani Herdsmen?, 1298589522129825797, 2020-08-26 11:54:03
RT @JustSociety4all: When will the Army, Police, DSS, and SARS clash with the Fulani Herdsmen?, 1298589522440200192, 2020-08-26 11:54:03
@TimeTrench Half waiting for the boogs to leave, Feds arrive, kidnap protesters, and the "WhErE's ThE lIbErTaRiAns" schlock to go down., 1298589524948389890, 2020-08-26 11:54:04
RT @PaolaAudrey: Demander le retour du commandement opérationnel pour résoudre l'insécurité, c'est clairement dire qu'on peut excuser les e…, 1298589531185319936, 2020-08-26 11:54:05
RT @NkirukaNistoran: Akintoye to Miyetti Allah: Your ethnic cleansing agenda won't work in Yoruba land 

Miyetti Allah , had claimed that F…, 1298589532640681985, 2020-08-26 11:54:05
RT @MaziNnamdiKanu: State terrorism is terrorism. Fulani terrorism is terrorism. Fulani @NGRPresident terrorism is terrorism. @PoliceNG ter…, 1298589533588664320, 2020-08-26 11:54:06
RT @MaziNnamdiKanu: State terrorism is terrorism. Fulani terrorism is terrorism. Fulani @NGRPresident terrorism is terrorism. @PoliceNG ter…, 1298589543017455616, 2020-08-26 11:54:08
RT @EdehAlexi: Thousands of #IPOB members in aba abia state under the command of mazi nnamdi kanu holds a peaceful protest in solidarity wi…, 1298589554220335104, 2020-08-26 11:54:11
RT @JustSociety4all: When will the Army, Police, DSS, and SARS clash with the Fulani Herdsmen?, 1298589560478273537, 2020-08-26 11:54:12
RT @MaziNnamdiKanu: State terrorism is terrorism. Fulani terrorism is terrorism. Fulani @NGRPresident terrorism is terrorism. @PoliceNG ter…, 1298589577960185858, 2020-08-26 11:54:16
@AllisonMillerTV Haha didn't want the crab bandits to strike your home, 1298589598830997505, 2020-08-26 11:54:21
RT @MaziNnamdiKanu: State terrorism is terrorism. Fulani terrorism is terrorism. Fulani @NGRPresident terrorism is terrorism. @PoliceNG ter…, 1298589669626650628, 2020-08-26 11:54:38
RT @IpobosisiomaLga: State sponsored terrorism is terrorism, Fulani.
@NGRPresident terrorism is terrorism.
@policeng terrorism is terrorism…, 1298589679466491904, 2020-08-26 11:54:40
@Bobby_Vanilla_ @Forenicator @TheMacTurner @yarewestilhere Normal people find bandits like you fucking despicable a… https://t.co/YIDg7GdLMQ, 1298589684222885888, 2020-08-26 11:54:42
RT @kahkaaeze: When last did @PoliceNG and @NigeriaDss clash with fulani herdsmen and Bokoharam terrorists. Killing unarmed Igbo/Biafrans w…, 1298589685451821057, 2020-08-26 11:54:42
RT @MaziNnamdiKanu: State terrorism is terrorism. Fulani terrorism is terrorism. Fulani @NGRPresident terrorism is terrorism. @PoliceNG ter…, 1298589702308728833, 2020-08-26 11:54:46
In Nigeria when you hear, Nigeria forces has arrested 155 or have captured 320 Boko Haram, fulani herdsmen, bandits… https://t.co/Ae7Gc0qLfW, 1298589723913527304, 2020-08-26 11:54:51
RT @MalachyOdo1: Asked my friend who's a DSS official in Enugu why they've never clashed with Fulani herdsmen and he just started laughing…, 1298589775046352902, 2020-08-26 11:55:03
#NowPlaying Moonshine Bandits - Red, White &amp; Boozed ft. Colt Ford
Listen in Here
https://t.co/Ar5yjZscCA
https://t.co/jEq9pA1Yni, 1298589776673673216, 2020-08-26 11:55:04
RT @Xetame: #IPOB volunteers in Aba holds a peaceful protest in solidarity with their Enugu counterparts murdered on Sunday 23/8/2020 by th…, 1298589795489402880, 2020-08-26 11:55:08
RT @uche_ezeonye: #EnuguMassacre: Unarmed IPOB members are being slaughtered while Boko Haram terrorists are rehabilitated &amp; integrated to…, 1298589837411352583, 2020-08-26 11:55:18
RT @ATasteOfAfrica7: Nigerian Federal government will have to come now and kill us all while the world watches. We will now hold up our #Bi…, 1298589854394089473, 2020-08-26 11:55:22
Next PKL to come with police to claim her status with a single motive to save Mahesh. However I don’t know it will… https://t.co/WCwQeVWIAH, 1298589860563832832, 2020-08-26 11:55:24
RT @oluchristty: How can we be one country with different judicial systems?

Support #BiafraExit, that's the only solution to end Fulani te…, 1298589901076733952, 2020-08-26 11:55:33
RT @JustSociety4all: When will the Army, Police, DSS, and SARS clash with the Fulani Herdsmen?, 1298589909054377985, 2020-08-26 11:55:35
RT @alexe42261051: Exactly so., 1298589910283280384, 2020-08-26 11:55:35
RT @MaziNnamdiKanu: State terrorism is terrorism. Fulani terrorism is terrorism. Fulani @NGRPresident terrorism is terrorism. @PoliceNG ter…, 1298589917673672710, 2020-08-26 11:55:37
RT @BanjoHfuhruhur: @JohnCleese Katherine Helmond and Peter Vaughan inspect the day's catch in a scene from the film 'Time Bandits', 1981.…, 1298589926003544064, 2020-08-26 11:55:39
RT @UmuodeZone: #IPOB volunteers in Aba holds a peaceful protest in solidarity with their Enugu counterparts murdered on Sunday 23/8/2020 b…, 1298589926154547201, 2020-08-26 11:55:39
RT @MarkOnyewuenyi: Bunch of Fulani slaves, 1298589931854606336, 2020-08-26 11:55:41
RT @JohnCleese: Happy 90th birthday to my Time Bandits co-star Sir Sean Connery! Here's to many more young man! https://t.co/bRz1cVNsWE, 1298589935507775495, 2020-08-26 11:55:41
RT @ifeomaStellaAd1: When will the Army, Police, DSS, and SARS clash with the Fulani Herdsmen?, 1298589935830794241, 2020-08-26 11:55:41
RT @BanjoHfuhruhur: @JohnCleese Michael and Shelley Duvall look to their right in a scene from the film 'Time Bandits', 1981. https://t.co/…, 1298589945569910786, 2020-08-26 11:55:44
As fulani government in nigga area sponsor terror as instrument of state power.. Supported by British government..… https://t.co/tPDhqgvPV7, 1298589948094947329, 2020-08-26 11:55:44
@ADB_Gombe @vanguardngrnews See Fulani calling Igbo primitive,Igbos don't will their Ancestral land to women,but ca… https://t.co/gKU5oCCagf, 1298589952016515079, 2020-08-26 11:55:45
RT @dadimonso1: All u ppl still clamoring 4 one Nigeria are just feckless morons. Do u ever ask urselves, when d Army, Police, DSS, &amp; SARS…, 1298589954835062788, 2020-08-26 11:55:46
On August 26, 2016 This young man was killed in his farmland in Nimbo Enugu State Biafra. · The world is mute to th… https://t.co/WmRTDGaBlH, 1298589965098639361, 2020-08-26 11:55:48
RT @NchimbiRas: @Ntobi_Imma Ikiwezekana wanasheria wa chadema na wanaharakati wakafungue kesi haraka ya kupinga na kutengua,walopita bila k…, 1298589978507837440, 2020-08-26 11:55:52
RT @NormanBrennan: BREAKING NEWS; Today at 3.05pm Police Used Vehicle ‘Tactical Contact’ to arrest Four men on suspicion of Firearms offenc…, 1298590004176986112, 2020-08-26 11:55:58
RT @TOCHUKWUNWABIA1: Nigeria government boko Haram and Fulani terrorism Terrorism boy's @netanyahu @realDonaldTrump @Mike_Pence @SecPompeo…, 1298590005200334848, 2020-08-26 11:55:58
RT @henryshield: - Negotiate and dine with armed bandits in the North. 

- Shoot South East youths for having a peaceful meeting. 

Please…, 1298590010074181633, 2020-08-26 11:55:59
RT @MaziNnamdiKanu: State terrorism is terrorism. Fulani terrorism is terrorism. Fulani @NGRPresident terrorism is terrorism. @PoliceNG ter…, 1298590057562083328, 2020-08-26 11:56:11
RT @MaziNnamdiKanu: State terrorism is terrorism. Fulani terrorism is terrorism. Fulani @NGRPresident terrorism is terrorism. @PoliceNG ter…, 1298590064297951232, 2020-08-26 11:56:12
RT @VoiceOfAFO: @MaziNnamdiKanu @StateDept @SecPompeo @WhiteHouse Boko Haram and Bandits have been Killing innocent Citizens. World Leaders…, 1298590068844556288, 2020-08-26 11:56:13
In Nigeria when you hear, Nigeria forces has arrested 155 or have captured 320 Boko Haram, fulani herdsmen, bandits… https://t.co/uyfGDNbbnc, 1298590088830554113, 2020-08-26 11:56:18
RT @OkeZion1: Dear president Nana kufo of Ghana,the man in this picture is jihadist Ahmed Nasir el rufai,he is the czar of d jihadist fulan…, 1298590099408650245, 2020-08-26 11:56:20
RT @MaziNnamdiKanu: State terrorism is terrorism. Fulani terrorism is terrorism. Fulani @NGRPresident terrorism is terrorism. @PoliceNG ter…, 1298590104324317185, 2020-08-26 11:56:22
RT @MaziNnamdiKanu: State terrorism is terrorism. Fulani terrorism is terrorism. Fulani @NGRPresident terrorism is terrorism. @PoliceNG ter…, 1298590106513596416, 2020-08-26 11:56:22
RT @SpaceShip_Cadet: An san yaren hausa a qasashe kamar Arewacin Ghana da kuma Chadi, Kamaru, hausawan chadi da suka hada da Fulani, Tuareg…, 1298590106819977218, 2020-08-26 11:56:22
RT @davidkingtheo: On August 26, 2016 This young man was killed in his farmland in Nimbo Enugu State Biafra. · The world is mute to the Nig…, 1298590108795441152, 2020-08-26 11:56:23
@MarkOnyewuenyi They are fulani slaves governors, 1298590112427712515, 2020-08-26 11:56:24
RT @obike_kenneth: "Why did anybody think that late Buhari opened Nigeria's borders for fulani's all over Africa to move into Nigeria witho…, 1298590114273165313, 2020-08-26 11:56:24
@DrPopCultureBG The Untouchables, Time Bandits, &amp; Highlander stand out in my mind.

Zardoz stands out, but mostly f… https://t.co/SqqhppesCQ, 1298590123316191233, 2020-08-26 11:56:26
RT @obike_kenneth: "The attack against IPOB by the Fulani regime is a deliberate ploy to distabilize the whole of Southern Nigeria for mili…, 1298590125916655617, 2020-08-26 11:56:27
RT @MaziNnamdiKanu: State terrorism is terrorism. Fulani terrorism is terrorism. Fulani @NGRPresident terrorism is terrorism. @PoliceNG ter…, 1298590139925626881, 2020-08-26 11:56:30
RT @EmekaNw71110140: In Nigeria when you hear, Nigeria forces has arrested 155 or have captured 320 Boko Haram, fulani herdsmen, bandits or…, 1298590150872772610, 2020-08-26 11:56:33
@pointofdespair Some of of coworkers even joined in on the gang bang in secret making sure none of the people who d… https://t.co/cutQsoDNEv, 1298590154861445122, 2020-08-26 11:56:34
RT @daily_trust: Troops raid Zamfara goldmine, arrest 150 suspected bandits
https://t.co/CQugwxi5A5, 1298590167587008513, 2020-08-26 11:56:37
RT @MaziNnamdiKanu: State terrorism is terrorism. Fulani terrorism is terrorism. Fulani @NGRPresident terrorism is terrorism. @PoliceNG ter…, 1298590184259358723, 2020-08-26 11:56:41
RT @IpobosisiomaLga: #Biafrakillings is a global conspiracy, 
Are you telling me that the 
@eu
@un
@realDonaldTrump 
@netanyahu
@SecPompeo…, 1298590190303404034, 2020-08-26 11:56:42
RT @ElochukwuOhagi: Take on those calling themselves your leaders. They are your number 1 enemy. They have occupied space in eternal servic…, 1298590195525259264, 2020-08-26 11:56:43
We are just asking ?, 1298590197526003720, 2020-08-26 11:56:44
Cristãos nigerianos protestam pacificamente contra a matança implacável de cristãos no Estado de Kaduna por militan… https://t.co/sHQi35gdar, 1298590203137925121, 2020-08-26 11:56:45
She looking so fine, I might kidnap her for ransom. https://t.co/CBnO5p7xHh, 1298590206698893312, 2020-08-26 11:56:46
RT @ElochukwuOhagi: We are talking about the massacre of 21 Igbo youtns, and Enugu CP who is also a Fulani Muslim is talking about the deat…, 1298590216756826114, 2020-08-26 11:56:48
RT @Victor35517418: This is a man the fulani cabals are using to conquer states listen to him very carefully and you will understand  this…, 1298590225363542017, 2020-08-26 11:56:51
RT @Xetame: #IPOB volunteers in Aba holds a peaceful protest in solidarity with their Enugu counterparts murdered on Sunday 23/8/2020 by th…, 1298590228115075072, 2020-08-26 11:56:51
RT @MaziNnamdiKanu: State terrorism is terrorism. Fulani terrorism is terrorism. Fulani @NGRPresident terrorism is terrorism. @PoliceNG ter…, 1298590229641732102, 2020-08-26 11:56:52
RT @MachuksO: Ethnics cleansing is terrorism 
@StateDept @UN @hrw @UNHumanRights @SecPompeo 
Time to disintegrate Nigeria to save lives of…, 1298590263628181504, 2020-08-26 11:57:00
RT @ChinasaNworu: The killing of Christians in Nigeria and Biafra by Fulani janjawed is becoming unbearable @StateDept @PaulKagame @MaziNna…, 1298590263804334086, 2020-08-26 11:57:00
RT @AdfUkchapter: ADF-UK had a very interesting mtg with the Igbo-UK Cllrs,  Igbo CMTY groups' leaders &amp; a mber of the UK House of Lords  o…, 1298590273266765825, 2020-08-26 11:57:02
RT @uba_dike: IMO behold your Governor
Bowing down to Fulani Herdsmen
You get the point now https://t.co/4YgUWBwnwK, 1298590273929453568, 2020-08-26 11:57:02
@amurray961 @Caelliox1 @Comrade_roash @YEASTY_COMMIE I’ll kill@them to with my band of bandits, 1298590278379593728, 2020-08-26 11:57:03
RT @Xetame: The picture is the face of police public relation officer in Enugu, in His twitter handled @ASPDanielNdukwe, an Igbo man lying…, 1298590278891311107, 2020-08-26 11:57:03
RT @TOCHUKWUNWABIA1: World leaders End Nigeria terrorism government Now support Biafra freedom @antonioguterres @realDonaldTrump @FLOTUS @G…, 1298590296725491717, 2020-08-26 11:57:08
RT @JustSociety4all: When will the Army, Police, DSS, and SARS clash with the Fulani Herdsmen?, 1298590297350381568, 2020-08-26 11:57:08
RT @MaziNnamdiKanu: State terrorism is terrorism. Fulani terrorism is terrorism. Fulani @NGRPresident terrorism is terrorism. @PoliceNG ter…, 1298590299204313088, 2020-08-26 11:57:08
RT @Omambala_Chuks: #RT @MrSomtoOkonkwo: RT @segalink: You normalize state murders when you claim that the ambush of unarmed citizens agita…, 1298590299787333633, 2020-08-26 11:57:08
RT @MaziNnamdiKanu: State terrorism is terrorism. Fulani terrorism is terrorism. Fulani @NGRPresident terrorism is terrorism. @PoliceNG ter…, 1298590305952858113, 2020-08-26 11:57:10
RT @JohnRMoffitt: Pompeo was in that secret meeting with Trump when an overwhelming number of hands went up and the decision was made to ki…, 1298590336239964160, 2020-08-26 11:57:17
RT @snnbiafra: Announcement @MaziNnamdiKanu. 23.8.2020.
From today onwards being the 23.8.2020: Anywhere that the @HQNigerianArmy, @PoliceN…, 1298590355835805696, 2020-08-26 11:57:22
RT @RaceEastern: What Biafrans needs now is to undermine all their Fulani propped up socio-cultural groups like #Ohanaeze led by @NniaNwodo…, 1298590382721314817, 2020-08-26 11:57:28
RT @GabrielChukwue6: The Nigerian Fulani government keep killing #IPOB for carrying flag,
The time #IPOB  carry arms, the killing will auto…, 1298590398454157312, 2020-08-26 11:57:32
RT @oluchristty: End Nigeria Now And End Terrorism In Africa., 1298590399632728065, 2020-08-26 11:57:32
@SecretsBedard @RichardGrenell RT Nigeria fulani muslim controlled structures enable/pays terrorism.sharing informa… https://t.co/6cnlYsnCuX, 1298590401025019909, 2020-08-26 11:57:32
RT @JohnCleese: Happy 90th birthday to my Time Bandits co-star Sir Sean Connery! Here's to many more young man! https://t.co/bRz1cVNsWE, 1298590413281005568, 2020-08-26 11:57:35
RT @JohnCleese: Happy 90th birthday to my Time Bandits co-star Sir Sean Connery! Here's to many more young man! https://t.co/bRz1cVNsWE, 1298590428833427457, 2020-08-26 11:57:39
RT @MalachyOdo1: Asked my friend who's a DSS official in Enugu why they've never clashed with Fulani herdsmen and he just started laughing…, 1298590436488032256, 2020-08-26 11:57:41
RT @TOCHUKWUNWABIA1: World leaders End Nigeria terrorism government Now support Biafra freedom @antonioguterres @realDonaldTrump @FLOTUS @G…, 1298590459795664896, 2020-08-26 11:57:46
RT @MaziNnamdiKanu: State terrorism is terrorism. Fulani terrorism is terrorism. Fulani @NGRPresident terrorism is terrorism. @PoliceNG ter…, 1298590475767685121, 2020-08-26 11:57:50
RT @ElochukwuOhagi: Take on those calling themselves your leaders. They are your number 1 enemy. They have occupied space in eternal servic…, 1298590480691798018, 2020-08-26 11:57:51
@ecowas_cedeao 
@ECOWASParliamnt 
@UKParliament 
@BorisJohnson 
@EU_Commission 
@BristishM 
@USArmyAfrica… https://t.co/bDxIwPAIaN, 1298590480897396737, 2020-08-26 11:57:51
RT @Xetame: That tinubu slave in Lagos called @igbokwe_joe Look at wat he said before he started eating Fulani fruits. Today he can open hi…, 1298590503827578880, 2020-08-26 11:57:57
“... Mimi ni binadamu nina hofu pia, ….Hofu ipo kwa sababu mimi ni binadamu na nisipokuwa na hofu nitakuwa nina upu… https://t.co/tcJsclo2Q8, 1298590515638816769, 2020-08-26 11:58:00
RT @EdehAlexi: Thousands of #IPOB members in aba abia state under the command of mazi nnamdi kanu holds a peaceful protest in solidarity wi…, 1298590517194829824, 2020-08-26 11:58:00
RT @mutludc: Turkish-Backed Islamists Reportedly Kidnap 14 Christians in Syria #Afrin @USCIRF https://t.co/MvTEVRpnKD, 1298590519233253376, 2020-08-26 11:58:01
RT @oluchristty: How can we be one country with different judicial systems?

Support #BiafraExit, that's the only solution to end Fulani te…, 1298590535167483904, 2020-08-26 11:58:04
RT @chimbiko_jerome: Thousands of #IPOB members in aba abia state under the command of mazi nnamdi kanu holds a peaceful protest in solidar…, 1298590541286903808, 2020-08-26 11:58:06
RT @ElvisChinedu12: BREAKING NEWS

The picture is the face of police public relation officer in Enugu, in His twitter handled @ASPDanielNdu…, 1298590560685633537, 2020-08-26 11:58:10
RT @DejiAdesogan: BREAKING: The Nigerian Army has finally captured the dreaded Ottu forest, bandits hideouts along Abuja-Lokoja expressway.…, 1298590563290296321, 2020-08-26 11:58:11
@C_L_I_C_K @livesmattershow Bismillah, this guy with the gun makes the dealers action self-defense. Antifah thinks… https://t.co/Y7HQCY94ej, 1298590565752279041, 2020-08-26 11:58:12
RT @MaziNnamdiKanu: State terrorism is terrorism. Fulani terrorism is terrorism. Fulani @NGRPresident terrorism is terrorism. @PoliceNG ter…, 1298590572492599298, 2020-08-26 11:58:13
RT @udokasmith: End Nigeria now ..All we need now is Biafra, 1298590573180461056, 2020-08-26 11:58:13
RT @MaziNnamdiKanu: State terrorism is terrorism. Fulani terrorism is terrorism. Fulani @NGRPresident terrorism is terrorism. @PoliceNG ter…, 1298590604876685315, 2020-08-26 11:58:21
RT @MaziNnamdiKanu: State terrorism is terrorism. Fulani terrorism is terrorism. Fulani @NGRPresident terrorism is terrorism. @PoliceNG ter…, 1298590611336036352, 2020-08-26 11:58:23
RT @MaziNnamdiKanu: State terrorism is terrorism. Fulani terrorism is terrorism. Fulani @NGRPresident terrorism is terrorism. @PoliceNG ter…, 1298590612254580741, 2020-08-26 11:58:23
RT @MaziNnamdiKanu: State terrorism is terrorism. Fulani terrorism is terrorism. Fulani @NGRPresident terrorism is terrorism. @PoliceNG ter…, 1298590615270129668, 2020-08-26 11:58:23
RT @EmekaNw71110140: @AmnestyNigeria, 1298590616813735936, 2020-08-26 11:58:24
RT @MaziNnamdiKanu: State terrorism is terrorism. Fulani terrorism is terrorism. Fulani @NGRPresident terrorism is terrorism. @PoliceNG ter…, 1298590619657555968, 2020-08-26 11:58:25
RT @ElochukwuOhagi: Take on those calling themselves your leaders. They are your number 1 enemy. They have occupied space in eternal servic…, 1298590622706786304, 2020-08-26 11:58:25
RT @ChiomaLoveKanu: Oduduwa Amotekun are armed, Fulani Miyetti Allah are armed, Fulani terror herdsmen are armed, Fulani funded Bandits are…, 1298590634790531075, 2020-08-26 11:58:28
RT @UcheAmajuoyi: @MaziNnamdiKanu @NGRPresident @PoliceNG @DefenceInfoNG @UKinNigeria @SecPompeo @USinNigeria @OpenDoors @AmnestyUK @SkyNew…, 1298590644596879362, 2020-08-26 11:58:30
RT @ChrisMcLean___: @Bobby_Vanilla_ @Forenicator @TheMacTurner @yarewestilhere Normal people find bandits like you fucking despicable and h…, 1298590657632784384, 2020-08-26 11:58:34
RT @Xetame: That tinubu slave in Lagos called @igbokwe_joe Look at wat he said before he started eating Fulani fruits. Today he can open hi…, 1298590670404362246, 2020-08-26 11:58:37
RT @TOCHUKWUNWABIA1: World leaders End Nigeria terrorism government Now support Biafra freedom @antonioguterres @realDonaldTrump @FLOTUS @G…, 1298590670354108418, 2020-08-26 11:58:37
RT @_SirWilliam_: If supply falls but demand remains constant, it will ALWAYS lead to inflation.

The maize inflation is worse because of i…, 1298590680391049218, 2020-08-26 11:58:39
RT @kigogo2014: Yaani Bashiru utadhani siyo msomi! We know for fact wewe ndiye uliye coordinate mapingamizi ya Lissu na Jaji fulani aliyewe…, 1298590689173921792, 2020-08-26 11:58:41
RT @ChineduConside2: When last did @PoliceNG and @NigeriaDss clash with fulani herdsmen and Bokoharam terrorists. Killing unarmed Igbo/Biaf…, 1298590713022763008, 2020-08-26 11:58:47
RT @SDiaso: Don't expect any #governor from #BiafraLand to condemn the #Killings of #IPOB members, cause the #IDIOTS are ASS #Lickers &amp; #Er…, 1298590728436641793, 2020-08-26 11:58:50
RT @TOCHUKWUNWABIA1: World leaders End Nigeria terrorism government Now support Biafra freedom @antonioguterres @realDonaldTrump @FLOTUS @G…, 1298590743074762752, 2020-08-26 11:58:54
RT @BiafranSon7: @MaziEdeh @princeiykeodob1 They should be aware that their leader uwazurike has sabotaged their struggle buy signing a dea…, 1298590744140226561, 2020-08-26 11:58:54
RT @Omambala_Chuks: #RT @Amaka_Ekwo: RT @MaziNnamdiKanu: State terrorism is terrorism. Fulani terrorism is terrorism. Fulani @NGRPresident…, 1298590748468752386, 2020-08-26 11:58:55
RT @EmekaNw71110140: @SecPompeo @UN, 1298590763534647297, 2020-08-26 11:58:59
RT @EdehAlexi: #IPOB  onitsha anambra state under the command of mazi nnamdi kanu also joined the solidarity protest to support our brother…, 1298590776335773697, 2020-08-26 11:59:02
RT @oluchristty: End Nigeria Now And End Terrorism In Africa., 1298590787144314880, 2020-08-26 11:59:04
RT @TBRVorg: Self defence is not a crime. Defend yourselves against terrorists the Nigerian government has recruited into the Army and poli…, 1298590793926615040, 2020-08-26 11:59:06
@SpaceX @NASA @NASASolarSystem 
@EP_President @realmartymar 
@TheDailyShow, 1298590796967325699, 2020-08-26 11:59:07
Only nations that support #terrorism supply arms to Nigeria. 

@UKinNigeria, please don't support Nigeria.… https://t.co/2MELD77Nma, 1298590799572107264, 2020-08-26 11:59:07
RT @trustin_god: We should and must arm ourselves to stop all these killings., 1298590806706659329, 2020-08-26 11:59:09
RT @Helper37216548: I support it if IPOB take ARM'S.
That thing that will happen next 4 years should happen this year.

Nigeria is a terror…, 1298590811827908621, 2020-08-26 11:59:10
RT @IchidaOdum: Very shocking concern on today's  #Biafrans to #British daily Killingsof #Biafra/#Christians by his allied Arab Islamics in…, 1298590847252836352, 2020-08-26 11:59:19
RT @ElochukwuOhagi: We are talking about the massacre of 21 Igbo youtns, and Enugu CP who is also a Fulani Muslim is talking about the deat…, 1298590860658057222, 2020-08-26 11:59:22
RT @ifeomaStellaAd1: When will the Army, Police, DSS, and SARS clash with the Fulani Herdsmen?, 1298590866337038337, 2020-08-26 11:59:23
@AnthemRespect @ChinwikeChukwu2 @DrLee4America @RudyGiuliani @drsimonegold @SidneyPowell1 @zev_dr RT Nigeria fulani… https://t.co/UPL7GKgdm3, 1298590896942800896, 2020-08-26 11:59:31
RT @JustSociety4all: When will the Army, Police, DSS, and SARS clash with the Fulani Herdsmen?, 1298590903838310400, 2020-08-26 11:59:32
RT @EmekaNw71110140: @AmnestyNigeria @UNHumanRights, 1298590912231231488, 2020-08-26 11:59:34
RT @MaziNnamdiKanu: State terrorism is terrorism. Fulani terrorism is terrorism. Fulani @NGRPresident terrorism is terrorism. @PoliceNG ter…, 1298590923711012867, 2020-08-26 11:59:37
RT @ChineduConside2: When last did @PoliceNG and @NigeriaDss clash with fulani herdsmen and Bokoharam terrorists. Killing unarmed Igbo/Biaf…, 1298590927452278791, 2020-08-26 11:59:38
RT @MalachyOdo1: Asked my friend who's a DSS official in Enugu why they've never clashed with Fulani herdsmen and he just started laughing…, 1298590950244200448, 2020-08-26 11:59:43
RT @ncheks2005: the fulani inspector General of Police secretly &amp; met with him on a different location to discuss the matter &amp; later agree…, 1298590956577607680, 2020-08-26 11:59:45
RT @CharleslyobimsO: He's Hyporcite of the highest order in Igboland! Once they get to power they shift 360 degress. The zoo is just like p…, 1298590964097986560, 2020-08-26 11:59:47
RT @NormanBrennan: BREAKING NEWS; Today at 3.05pm Police Used Vehicle ‘Tactical Contact’ to arrest Four men on suspicion of Firearms offenc…, 1298590967461814273, 2020-08-26 11:59:47
RT @MaziNnamdiKanu: State terrorism is terrorism. Fulani terrorism is terrorism. Fulani @NGRPresident terrorism is terrorism. @PoliceNG ter…, 1298590967679848450, 2020-08-26 11:59:48
RT @TOCHUKWUNWABIA1: World leaders End Nigeria terrorism government Now support Biafra freedom @antonioguterres @realDonaldTrump @FLOTUS @G…, 1298590976248696834, 2020-08-26 11:59:50
RT @IchidaOdum: Very shocking concern on today's  #Biafrans to #British daily Killingsof #Biafra/#Christians by his allied Arab Islamics in…, 1298590983412686848, 2020-08-26 11:59:51
RT @SonjaDahlmans: Honderden per maand worden vermoord in Nigeria. Voor de journalisten die mij volgen (behalve @JakobKurum want die doet m…, 1298590994561146885, 2020-08-26 11:59:54
RT @MaziNnamdiKanu: State terrorism is terrorism. Fulani terrorism is terrorism. Fulani @NGRPresident terrorism is terrorism. @PoliceNG ter…, 1298591003411189761, 2020-08-26 11:59:56
RT @MachuksO: Ethnics cleansing is terrorism 
@StateDept @UN @hrw @UNHumanRights @SecPompeo 
Time to disintegrate Nigeria to save lives of…, 1298591009102864385, 2020-08-26 11:59:57
RT @_hooriaali21: I am on that stage where I can say...
Mujhy kidnap kr lo or itna pyar do k mn wapis h na jana chahun, 1298591033945722885, 2020-08-26 12:00:03
RT @NkirukaNistoran: Akintoye to Miyetti Allah: Your ethnic cleansing agenda won't work in Yoruba land 

Miyetti Allah , had claimed that F…, 1298591047321374720, 2020-08-26 12:00:06
RT @snnbiafra: Announcement @MaziNnamdiKanu. 23.8.2020.
From today onwards being the 23.8.2020: Anywhere that the @HQNigerianArmy, @PoliceN…, 1298591062274048000, 2020-08-26 12:00:10
RT @KaluMazi: @TeamTrump The Nigeria fulani muslim controlled structures enable/pays terrorism.sharing information with nigeria on terroris…, 1298591073279737857, 2020-08-26 12:00:13
RT @nedum030: @realDonaldTrump,@WhiteHouse ,@VladPutin, please ask Buhari of Nigeria how many Bokoharam and Fulani herdsmen are on trial in…, 1298591088035409921, 2020-08-26 12:00:16
RT @MaziNnamdiKanu: State terrorism is terrorism. Fulani terrorism is terrorism. Fulani @NGRPresident terrorism is terrorism. @PoliceNG ter…, 1298591088039649280, 2020-08-26 12:00:16
RT @NormanBrennan: BREAKING NEWS; Today at 3.05pm Police Used Vehicle ‘Tactical Contact’ to arrest Four men on suspicion of Firearms offenc…, 1298591088207441920, 2020-08-26 12:00:16
@SaharaReporters @HQNigerianArmy They will later wear rag. Stupid and foolish people, particularly southerners amon… https://t.co/SEkZQDvlaP, 1298591088371019776, 2020-08-26 12:00:16
RT @IpobosisiomaLga: State sponsored terrorism is terrorism, Fulani.
@NGRPresident terrorism is terrorism.
@policeng terrorism is terrorism…, 1298591092401635329, 2020-08-26 12:00:17
RT @MaziNnamdiKanu: State terrorism is terrorism. Fulani terrorism is terrorism. Fulani @NGRPresident terrorism is terrorism. @PoliceNG ter…, 1298591093567533062, 2020-08-26 12:00:18
RT @RoyalOlando: @TaiwoOlatundeO2 @adeyanjudeji Yes ooo, they're proscribed while fulani terrorists are free to Carry arms publicly as boko…, 1298591101952102403, 2020-08-26 12:00:20
@NaomiDHopkins So it’s cool to throw skateboard at car and shatter glass window on 4 yr old in car?  Or detain, kid… https://t.co/bZf5OBueSj, 1298591114291748870, 2020-08-26 12:00:22
@AtlanticCouncil @VladDavidzon Les bandits européens veulent maintenant du sang ...., 1298591122969812995, 2020-08-26 12:00:25
RT @MaziNnamdiKanu: State terrorism is terrorism. Fulani terrorism is terrorism. Fulani @NGRPresident terrorism is terrorism. @PoliceNG ter…, 1298591131190595585, 2020-08-26 12:00:26
RT @InnoOO5: Look at the way fulani police lie and try to turn truth upside down. There was nothing like "clash" here, between security age…, 1298591158176636928, 2020-08-26 12:00:33
RT @JustSociety4all: When will the Army, Police, DSS, and SARS clash with the Fulani Herdsmen?, 1298591160861171712, 2020-08-26 12:00:34
RT @EmekaNw71110140: The nigeria government is neck deep into islamic terrorism, 1298591202523193346, 2020-08-26 12:00:43
RT @JustSociety4all: When will the Army, Police, DSS, and SARS clash with the Fulani Herdsmen?, 1298591203835904001, 2020-08-26 12:00:44
RT @MalachyOdo1: Asked my friend who's a DSS official in Enugu why they've never clashed with Fulani herdsmen and he just started laughing…, 1298591204171448322, 2020-08-26 12:00:44
RT @NnamdiFans: Terrorist in Nigerian police uniform Daniel Ndukwe Ekea has a hand in the killing and kidnap of IPOB members in Emene Enugu…, 1298591215760355328, 2020-08-26 12:00:47
RT @IpobosisiomaLga: #Biafrakillings is a global conspiracy, 
Are you telling me that the 
@eu
@un
@realDonaldTrump 
@netanyahu
@SecPompeo…, 1298591218931245056, 2020-08-26 12:00:47
RT @MaziNnamdiKanu: Oduduwa Amotekun are armed, Fulani Miyetti Allah are armed, Fulani terror herdsmen are armed, Fulani funded Bandits are…, 1298591231958810627, 2020-08-26 12:00:51
RT @onyiforlife: @DailyPostNGR BREAKING: Biafra: IPOB members killed our operatives – DSS

Really? When? How? So that's how DSS  seek for j…, 1298591235377168384, 2020-08-26 12:00:51
RT @MaziNnamdiKanu: State terrorism is terrorism. Fulani terrorism is terrorism. Fulani @NGRPresident terrorism is terrorism. @PoliceNG ter…, 1298591239214968833, 2020-08-26 12:00:52
RT @MaziNnamdiKanu: State terrorism is terrorism. Fulani terrorism is terrorism. Fulani @NGRPresident terrorism is terrorism. @PoliceNG ter…, 1298591239764353024, 2020-08-26 12:00:52
RT @ChigozieKenndy2: The Nigerian Fulani government sending their men to the Eastern Nigeria #Biafraland to kill is fraught with peril. Thi…, 1298591260870139904, 2020-08-26 12:00:57
RT @KaluMazi: @SecretsBedard @RichardGrenell RT Nigeria fulani muslim controlled structures enable/pays terrorism.sharing information with…, 1298591279933087745, 2020-08-26 12:01:02
RT @MaziNnamdiKanu: State terrorism is terrorism. Fulani terrorism is terrorism. Fulani @NGRPresident terrorism is terrorism. @PoliceNG ter…, 1298591288388923394, 2020-08-26 12:01:04
Starting a “new #ColdWar” is to reverse course of #history, kidnap #world: #Chinese #FM 
https://t.co/DmJnwbXRZN vi… https://t.co/EQEcVv50fq, 1298591288355323904, 2020-08-26 12:01:04
RT @MaziNnamdiKanu: State terrorism is terrorism. Fulani terrorism is terrorism. Fulani @NGRPresident terrorism is terrorism. @PoliceNG ter…, 1298591295812833280, 2020-08-26 12:01:06
RT @BiafraYaya: Oh my God,I feel like let us start the war, 1298591301177348096, 2020-08-26 12:01:07
RT @OneleN7: he don eat janjaweeds cow and his brain is no longer the same, 1298591308223860739, 2020-08-26 12:01:09
@kicyki yes, if fairies didn't kidnap him that would have been his life!!, 1298591326880116742, 2020-08-26 12:01:13
RT @Omambala_Chuks: #RT @MaziNnamdiKanu: State terrorism is terrorism. Fulani terrorism is terrorism. Fulani @NGRPresident terrorism is ter…, 1298591334052364288, 2020-08-26 12:01:15
RT @MaziNnamdiKanu: State terrorism is terrorism. Fulani terrorism is terrorism. Fulani @NGRPresident terrorism is terrorism. @PoliceNG ter…, 1298591348002562049, 2020-08-26 12:01:18
RT @JustSociety4all: When will the Army, Police, DSS, and SARS clash with the Fulani Herdsmen?, 1298591357188157440, 2020-08-26 12:01:20
RT @AnnEze4: Buhari and Buratai are the SPONSORERS of fulanis herdsmen boko-haram terrorist janjaweed in Nigeria, 1298591372589649920, 2020-08-26 12:01:24
RT @ChukwudubemIgb1: @MaziNnamdiKanu @NGRPresident @PoliceNG @DefenceInfoNG @UKinNigeria @SecPompeo @USinNigeria @OpenDoors @AmnestyUK @Sky…, 1298591376590934020, 2020-08-26 12:01:25
RT @uche_ezeonye: Breaking News!!!
If Nigerian security force kill any IPOB member, We will kill back — Nnamdi Kanu 23/08/20 Radio Biafra.…, 1298591404218875905, 2020-08-26 12:01:32
RT @oluchristty: How can we be one country with different judicial systems?

Support #BiafraExit, that's the only solution to end Fulani te…, 1298591416776642560, 2020-08-26 12:01:35
RT @oluchristty: How can we be one country with different judicial systems?

Support #BiafraExit, that's the only solution to end Fulani te…, 1298591418852806658, 2020-08-26 12:01:35
@JoshuaPotash Not sure I want to be recruited to the same cause as a guy who looks like Marv, Wet Bandits fame, wearing a mask., 1298591421574926337, 2020-08-26 12:01:36
RT @IpobosisiomaLga: #Biafrakillings is a global conspiracy, 
Are you telling me that the 
@eu
@un
@realDonaldTrump 
@netanyahu
@SecPompeo…, 1298591423550427138, 2020-08-26 12:01:36
RT @Spot_On_Media1: There was no clash it was an invasion, just like how Bandits, Terrorists invade communities., 1298591423957270528, 2020-08-26 12:01:36
@NeilCockburn The Hill ?
Time Bandits?
MacBeth?, 1298591424796033024, 2020-08-26 12:01:36
RT @MaziNnamdiKanu: State terrorism is terrorism. Fulani terrorism is terrorism. Fulani @NGRPresident terrorism is terrorism. @PoliceNG ter…, 1298591431477432320, 2020-08-26 12:01:38
the fact that a samsung commercial dance challenge by blackpink got 20 billion views+... i fear for the tiktok comm… https://t.co/QKTOfHdz82, 1298591434971389953, 2020-08-26 12:01:39
RT @oluchristty: End Nigeria Now And End Terrorism In Africa., 1298591437739700225, 2020-08-26 12:01:40
RT @oluchristty: End Nigeria Now And End Terrorism In Africa., 1298591468504973312, 2020-08-26 12:01:47
RT @ifeomaStellaAd1: When will the Army, Police, DSS, and SARS clash with the Fulani Herdsmen?, 1298591474968297472, 2020-08-26 12:01:48
RT @ChigozieKenndy2: Dear @BorisJohnson the #British high commission to #Niggeria  @CatrionaLaing1 is fantastically #Corrupt she is working…, 1298591476465582080, 2020-08-26 12:01:49
RT @UmuodeZone: #IPOB volunteers in Aba holds a peaceful protest in solidarity with their Enugu counterparts murdered on Sunday 23/8/2020 b…, 1298591479804375041, 2020-08-26 12:01:50
@FrozenFlash99 @texasrecks @Sheerglee1 @USMC_3 @RNinMI @Tracie0313 @ttocs35 @militarysweep2 @Savingrace_ @YvetteSo2… https://t.co/w58KR063Bs, 1298591492189990912, 2020-08-26 12:01:53
RT @MazimosesAgbo: The picture is the face of police public relation officer in Enugu,his twitter handle is @ASPDanielNdukwe ,a suppose Igb…, 1298591516387151873, 2020-08-26 12:01:58
RT @MachuksO: Ethnics cleansing is terrorism 
@StateDept @UN @hrw @UNHumanRights @SecPompeo 
Time to disintegrate Nigeria to save lives of…, 1298591534108090374, 2020-08-26 12:02:03
RT @KaluMazi: @FrozenFlash99 @texasrecks @Sheerglee1 @USMC_3 @RNinMI @Tracie0313 @ttocs35 @militarysweep2 @Savingrace_ @YvetteSo2 @KlumpVic…, 1298591535445884928, 2020-08-26 12:02:03
RT @NormanBrennan: BREAKING NEWS; Today at 3.05pm Police Used Vehicle ‘Tactical Contact’ to arrest Four men on suspicion of Firearms offenc…, 1298591541280346113, 2020-08-26 12:02:04
RT @RaceEastern: As @OfficialAPCNg led by Fulani Oligarchs moves to Christian Churches in Nigeria, complete islamization of the country is…, 1298591552793649158, 2020-08-26 12:02:07
RT @Mmaduab17957658: Security Alert~Comfirmed location/areas where Fulani herdsmen were dropped this evening are:OMUMA/ECHE, OGWE,OBIGA,OBE…, 1298591558225272833, 2020-08-26 12:02:08
RT @Omambala_Chuks: #RT @Amaka_Ekwo: RT @MaziNnamdiKanu: State terrorism is terrorism. Fulani terrorism is terrorism. Fulani @NGRPresident…, 1298591568736075776, 2020-08-26 12:02:11
RT @MoEltiMbooKoki: Donc hier en plein #Douala 5 des dizaines de jeunes bandits munis d'armes blanches ont braqué une pizzeria, et les comm…, 1298591579414892551, 2020-08-26 12:02:13
RT @EmekaNw71110140: @SecPompeo @UN, 1298591594300538883, 2020-08-26 12:02:17
RT @ManchesterNyx: Some victims are released. Others, I like to keep. Many, I break. 

@FerulaMiss @NannyEva1
#kidnap Mistresses Manchester…, 1298591606946385920, 2020-08-26 12:02:20
RT @joedyke: MBS’s right hand man allegedly pretended to be a pilot to kidnap a dissident prince https://t.co/e1jVdLjkBB, 1298591609551036418, 2020-08-26 12:02:21
RT @EmekaNw71110140: @AmnestyNigeria @UNHumanRights, 1298591618363265025, 2020-08-26 12:02:23
RT @MaziNnamdiKanu: State terrorism is terrorism. Fulani terrorism is terrorism. Fulani @NGRPresident terrorism is terrorism. @PoliceNG ter…, 1298591632661651456, 2020-08-26 12:02:26
RT @MaziNnamdiKanu: State terrorism is terrorism. Fulani terrorism is terrorism. Fulani @NGRPresident terrorism is terrorism. @PoliceNG ter…, 1298591648360931329, 2020-08-26 12:02:30
One of top #CCP bandits Wang Yi ,started a political tour in Western Europe.  European leaders should ask directly… https://t.co/lwJhzr2smF, 1298591663565217793, 2020-08-26 12:02:33
RT @MaziNnamdiKanu: State terrorism is terrorism. Fulani terrorism is terrorism. Fulani @NGRPresident terrorism is terrorism. @PoliceNG ter…, 1298591697111310337, 2020-08-26 12:02:41
RT @trustin_god: We should and must arm ourselves to stop all these killings., 1298591720242679808, 2020-08-26 12:02:47
RT @MaziNnamdiKanu: State terrorism is terrorism. Fulani terrorism is terrorism. Fulani @NGRPresident terrorism is terrorism. @PoliceNG ter…, 1298591722444853251, 2020-08-26 12:02:47
@MattWalshBlog @SonofNewo2 They are insane. We just have to make sure we keep them away from our children. Cool inc… https://t.co/70DS6jB8B1, 1298591723652706306, 2020-08-26 12:02:48
RT @MaziNnamdiKanu: State terrorism is terrorism. Fulani terrorism is terrorism. Fulani @NGRPresident terrorism is terrorism. @PoliceNG ter…, 1298591724412035072, 2020-08-26 12:02:48
RT @KaluMazi: @SecretsBedard @RichardGrenell RT Nigeria fulani muslim controlled structures enable/pays terrorism.sharing information with…, 1298591725733191681, 2020-08-26 12:02:48
Looking For Alibrandi (please make a sequal)
Lantana
Sweet Country 
The Castle
The Dressmaker, 1298591726039261184, 2020-08-26 12:02:48
RT @TOCHUKWUNWABIA1: World leaders End Nigeria terrorism government Now support Biafra freedom @antonioguterres @realDonaldTrump @FLOTUS @G…, 1298591743705849856, 2020-08-26 12:02:53
RT @MaziNnamdiKanu: State terrorism is terrorism. Fulani terrorism is terrorism. Fulani @NGRPresident terrorism is terrorism. @PoliceNG ter…, 1298591765906300928, 2020-08-26 12:02:58
RT @MaziNnamdiKanu: State terrorism is terrorism. Fulani terrorism is terrorism. Fulani @NGRPresident terrorism is terrorism. @PoliceNG ter…, 1298591787649585153, 2020-08-26 12:03:03
RT @Johniky5: @MaziNnamdiKanu @UKinNigeria @USinNigeria @EUinNigeria @StateDept @POTUS @JapanGov @IsraeliPM Walter Samuel Nkanu Onnoghen201…, 1298591791827111944, 2020-08-26 12:03:04
The day you and your friends begin to call out the murder of the Muslim/fulani in kaduna south, Taraba,Benue &amp; part… https://t.co/eGLUdjiupr, 1298591794750459906, 2020-08-26 12:03:05
RT @Uwaoma_Philip: @MaziNnamdiKanu @UKinNigeria @USinNigeria @EUinNigeria @StateDept @POTUS @JapanGov @IsraeliPM The fulani herdsmen are ge…, 1298591830636929025, 2020-08-26 12:03:13
RT @Catalyst4eva: @MaziNnamdiKanu @UKinNigeria @USinNigeria @EUinNigeria @StateDept @POTUS @JapanGov @IsraeliPM Citizens can't breathe in #…, 1298591841684684801, 2020-08-26 12:03:16
RT @realDylanAllman: Your shiny badge doesn't give you the right to kidnap people., 1298591846361440256, 2020-08-26 12:03:17
RT @NnamdiFans: Terrorist in Nigerian police uniform Daniel Ndukwe Ekea has a hand in the killing and kidnap of IPOB members in Emene Enugu…, 1298591864677961730, 2020-08-26 12:03:21
RT @MaziNnamdiKanu: State terrorism is terrorism. Fulani terrorism is terrorism. Fulani @NGRPresident terrorism is terrorism. @PoliceNG ter…, 1298591865495785478, 2020-08-26 12:03:22
RT @OkeZion1: Dont forget! Stop eating demonic fulani jihadist cow meat in Biafraland. https://t.co/4tOUqk6yfP, 1298591866317766656, 2020-08-26 12:03:22
RT @Maxwell44130538: @MaziNnamdiKanu @NGRPresident @PoliceNG @DefenceInfoNG @UKinNigeria @SecPompeo @USinNigeria @OpenDoors @AmnestyUK @Sky…, 1298591868280872960, 2020-08-26 12:03:22
RT @MaziNnamdiKanu: State terrorism is terrorism. Fulani terrorism is terrorism. Fulani @NGRPresident terrorism is terrorism. @PoliceNG ter…, 1298591871325941761, 2020-08-26 12:03:23
RT @STARSFLYZ1: @RaceEastern @white_mosco @davidkingtheo @UN The @UNGeneva is headed by a Nigerian fulani Muslim man as it’s president and…, 1298591878846259200, 2020-08-26 12:03:25
RT @TOCHUKWUNWABIA1: World leaders End Nigeria terrorism government Now support Biafra freedom @antonioguterres @realDonaldTrump @FLOTUS @G…, 1298591896818929664, 2020-08-26 12:03:29
RT @ChineduConside2: When last did @PoliceNG and @NigeriaDss clash with fulani herdsmen and Bokoharam terrorists. Killing unarmed Igbo/Biaf…, 1298591902049226753, 2020-08-26 12:03:30
RT @EdehAlexi: #IPOB  onitsha anambra state under the command of mazi nnamdi kanu also joined the solidarity protest to support our brother…, 1298591907753472000, 2020-08-26 12:03:32
RT @ATasteOfAfrica7: The puppets place as eastern governors do not work for the people! They work for the Fulani Nigerian terrorists govern…, 1298591915626180610, 2020-08-26 12:03:34
RT @JustSociety4all: When will the Army, Police, DSS, and SARS clash with the Fulani Herdsmen?, 1298591937998577664, 2020-08-26 12:03:39
RT @NnamdiFans: @MaziNnamdiKanu @SecPompeo @AFP @CFR_org @JohnCampbellcfr @TimesofIsrael @UKParliament @USinNigeria @UKinNigeria @EUinNiger…, 1298591939554672645, 2020-08-26 12:03:39
RT @_SirWilliam_: If supply falls but demand remains constant, it will ALWAYS lead to inflation.

The maize inflation is worse because of i…, 1298591959515312128, 2020-08-26 12:03:44
RT @VeIEZqNMcFDfyhR: The wheel of repression is spinning. Karim #Masimov and Samat #Abish are taking power by force. Civil activists are ar…, 1298591996286767106, 2020-08-26 12:03:53
RT @EgwuEgwuPrince1: ENUGU EMENE OPERATION WIPES OUT IPOB.
HERE IS ONE OF THE ZOO FULANI'S JANJAWEED SOLDIER,
ON AS USUAL KIDNAPPING!!
NIGE…, 1298592002108424193, 2020-08-26 12:03:54
RT @RaceEastern: What Biafrans needs now is to undermine all their Fulani propped up socio-cultural groups like #Ohanaeze led by @NniaNwodo…, 1298592030982057986, 2020-08-26 12:04:01
RT @Eyeznewworld: Fulani Janjaweed Police has eaten more than they can #CHEW
#IStandWithIPOB, 1298592031137292288, 2020-08-26 12:04:01
shortly after we found out u were the avatar zaheer n three others attempted to kidnap u luckily ur father lord zuk… https://t.co/6XZQbY91iK, 1298592037122404352, 2020-08-26 12:04:02
RT @hamzhani3: It’s the most common way to kidnap Palestinians, they storm our homes at 3am, terrorize the whole area, break into homes, of…, 1298592038024249344, 2020-08-26 12:04:03
RT @EdehAlexi: Thousands of #IPOB members in aba abia state under the command of mazi nnamdi kanu holds a peaceful protest in solidarity wi…, 1298592041241378817, 2020-08-26 12:04:03
RT @MaziNnamdiKanu: State terrorism is terrorism. Fulani terrorism is terrorism. Fulani @NGRPresident terrorism is terrorism. @PoliceNG ter…, 1298592046182105088, 2020-08-26 12:04:05
RT @JustSociety4all: When will the Army, Police, DSS, and SARS clash with the Fulani Herdsmen?, 1298592052775706624, 2020-08-26 12:04:06
RT @KaluMazi: @AnthemRespect @ChinwikeChukwu2 @DrLee4America @RudyGiuliani @drsimonegold @SidneyPowell1 @zev_dr RT Nigeria fulani muslim co…, 1298592057687076865, 2020-08-26 12:04:07
#NaziTurks #TurkeyIsATerrorState #TurkeyIsISIS #TurksWarCriminals, 1298592068948942848, 2020-08-26 12:04:10
RT @ChukwudubemIgb1: @MaziNnamdiKanu @SecPompeo @AFP @CFR_org @JohnCampbellcfr @TimesofIsrael @UKParliament @USinNigeria @UKinNigeria @EUin…, 1298592069678751744, 2020-08-26 12:04:10
RT @MaziNnamdiKanu: Oduduwa Amotekun are armed, Fulani Miyetti Allah are armed, Fulani terror herdsmen are armed, Fulani funded Bandits are…, 1298592070383345664, 2020-08-26 12:04:10
RT @ATasteOfAfrica7: The puppets place as eastern governors do not work for the people! They work for the Fulani Nigerian terrorists govern…, 1298592111000875008, 2020-08-26 12:04:20
RT @MaziNnamdiKanu: Oduduwa Amotekun are armed, Fulani Miyetti Allah are armed, Fulani terror herdsmen are armed, Fulani funded Bandits are…, 1298592115841208320, 2020-08-26 12:04:21
RT @CinyereA: UK is sponsoring terrorism. Stop the killings and divide your evil terrorist Company Nigeria. Evil people everywhere. #Biafra…, 1298592115627364354, 2020-08-26 12:04:21
RT @ogbelejechikej1: I am very sure that the #Fulani @NigeriaGov does not understand how sacred life is to the Igbo.(Ndubuisi). They also d…, 1298592174179864576, 2020-08-26 12:04:35
RT @MaziNnamdiKanu: State terrorism is terrorism. Fulani terrorism is terrorism. Fulani @NGRPresident terrorism is terrorism. @PoliceNG ter…, 1298592176448864256, 2020-08-26 12:04:36
RT @MaziNnamdiKanu: The people of Biafra can't continue to be menaced by the Fulani Janjaweed freely slaughtering lives in the British colo…, 1298592202067771393, 2020-08-26 12:04:42
RT @ncheks2005: the fulani inspector General of Police secretly &amp; met with him on a different location to discuss the matter &amp; later agree…, 1298592203883737089, 2020-08-26 12:04:42
RT @trustin_god: We should and must arm ourselves to stop all these killings. https://t.co/tjNWUCOr6J, 1298592210687070209, 2020-08-26 12:04:44
RT @NnamdiFans: @MaziNnamdiKanu @SecPompeo @AFP @CFR_org @JohnCampbellcfr @TimesofIsrael @UKParliament @USinNigeria @UKinNigeria @EUinNiger…, 1298592219918630913, 2020-08-26 12:04:46
RT @JustSociety4all: When will the Army, Police, DSS, and SARS clash with the Fulani Herdsmen?, 1298592229792141312, 2020-08-26 12:04:48
RT @MalachyOdo1: Asked my friend who's a DSS official in Enugu why they've never clashed with Fulani herdsmen and he just started laughing…, 1298592248486137856, 2020-08-26 12:04:53
RT @ncheks2005: the fulani inspector General of Police secretly &amp; met with him on a different location to discuss the matter &amp; later agree…, 1298592251539533824, 2020-08-26 12:04:54
RT @NnamdiFans: @MaziNnamdiKanu @SecPompeo @AFP @CFR_org @JohnCampbellcfr @TimesofIsrael @UKParliament @USinNigeria @UKinNigeria @EUinNiger…, 1298592256820158466, 2020-08-26 12:04:55
RT @DavidOl57450723: The fulani headsmen that are killing people all around our villages, when will the zoo Nigeria police and the military…, 1298592328530223105, 2020-08-26 12:05:12
RT @Uncle42066693: I’ve absolutely NO sympathy for any person/persons/groups directly or indirectly support/encourage or masterminding the…, 1298592348033691651, 2020-08-26 12:05:17
RT @NkirukaNistoran: Akintoye to Miyetti Allah: Your ethnic cleansing agenda won't work in Yoruba land 

Miyetti Allah , had claimed that F…, 1298592349329805312, 2020-08-26 12:05:17
@Victor35517418 @Ohakawills Kiokiokiokiokio, Osetigo Prophet Nnamdi Okwu Kanu warned you people, but your jealousy… https://t.co/rg6bmsQ4nm, 1298592352525844480, 2020-08-26 12:05:18
RT @MaziNnamdiKanu: State terrorism is terrorism. Fulani terrorism is terrorism. Fulani @NGRPresident terrorism is terrorism. @PoliceNG ter…, 1298592360092368896, 2020-08-26 12:05:19
RT @EmekaNw71110140: @AmnestyNigeria @UNHumanRights https://t.co/CMwiRj3eVw, 1298592365742088192, 2020-08-26 12:05:21
RT @MaziNnamdiKanu: Oduduwa Amotekun are armed, Fulani Miyetti Allah are armed, Fulani terror herdsmen are armed, Fulani funded Bandits are…, 1298592381944631296, 2020-08-26 12:05:25
RT @MaziNnamdiKanu: State terrorism is terrorism. Fulani terrorism is terrorism. Fulani @NGRPresident terrorism is terrorism. @PoliceNG ter…, 1298592394535993345, 2020-08-26 12:05:28
Really dystopian to see corporations and media talking about "diversity" and Black voices while police kill Black p… https://t.co/gHDhFhwqjo, 1298592417680175105, 2020-08-26 12:05:33
RT @MaziNnamdiKanu: State terrorism is terrorism. Fulani terrorism is terrorism. Fulani @NGRPresident terrorism is terrorism. @PoliceNG ter…, 1298592418158325762, 2020-08-26 12:05:33
RT @JustSociety4all: When will the Army, Police, DSS, and SARS clash with the Fulani Herdsmen?, 1298592420536487936, 2020-08-26 12:05:34
RT @MazimosesAgbo: Yesterday 21/6/2020,Fulani terrorists killed yet another man at Ogube,Ihube Okigwe in Imo State Biafra land.I hope human…, 1298592422910398465, 2020-08-26 12:05:34
RT @ATasteOfAfrica7: Nigerian Federal government will have to come now and kill us all while the world watches. We will now hold up our #Bi…, 1298592430963515395, 2020-08-26 12:05:36
RT @MaziNnamdiKanu: State terrorism is terrorism. Fulani terrorism is terrorism. Fulani @NGRPresident terrorism is terrorism. @PoliceNG ter…, 1298592451050053634, 2020-08-26 12:05:41
RT @ifeomaStellaAd1: When will the Army, Police, DSS, and SARS clash with the Fulani Herdsmen?, 1298592474043240450, 2020-08-26 12:05:47
@SoreApex If ur character is anything other than a normal human remember some scientist shit gonna kidnap them for tests., 1298592498542161920, 2020-08-26 12:05:52
SPECIAL REPORT: Lanlate: How armed ‘herdsmen’ kill, kidnap farmers in Oyo community https://t.co/79vV4VNW1W, 1298592502434484226, 2020-08-26 12:05:53
pov sakusa kiyomi will kidnap u https://t.co/agogyUsoOV, 1298592509480669184, 2020-08-26 12:05:55
RT @4th_diamond: Kidnapped cop found dead in Surigao Del Norte; police blame NPA https://t.co/NuMgvP8NCk, 1298592520285257728, 2020-08-26 12:05:58
RT @SpaceShip_Cadet: An san yaren hausa a qasashe kamar Arewacin Ghana da kuma Chadi, Kamaru, hausawan chadi da suka hada da Fulani, Tuareg…, 1298592535326134274, 2020-08-26 12:06:01
RT @MaziNnamdiKanu: State terrorism is terrorism. Fulani terrorism is terrorism. Fulani @NGRPresident terrorism is terrorism. @PoliceNG ter…, 1298592546025857025, 2020-08-26 12:06:04
RT @IpobOriaku: What fulani/yoruba @PoliceNG commissioners are doing in Biafranland is unacceptable, the other day was in IMO State 70 Biaf…, 1298592547644874753, 2020-08-26 12:06:04
RT @ChiomaLoveKanu: This is nigeria police officer, taking picture with fulani terrorist with arms but when it comes to armless Biafrans th…, 1298592556444508162, 2020-08-26 12:06:06
RT @NkirukaNistoran: We’re original owners of Southern Kaduna says Hausa-Fulani 

Imam Kafanchan however asked Kaduna Assembly to enact a l…, 1298592560957530119, 2020-08-26 12:06:07
RT @Xetame: #IPOB volunteers in Aba holds a peaceful protest in solidarity with their Enugu counterparts murdered on Sunday 23/8/2020 by th…, 1298592565638451206, 2020-08-26 12:06:08
RT @NkirukaNistoran: Akintoye to Miyetti Allah: Your ethnic cleansing agenda won't work in Yoruba land 

Miyetti Allah , had claimed that F…, 1298592568914182144, 2020-08-26 12:06:09
RT @JamilaOthman3: My name is Jamila, I'm fulani from Adamawa state, please since ASUU and FG are not willing to resume our schools, retwee…, 1298592570709286913, 2020-08-26 12:06:10
RT @PremiumTimesng: SPECIAL REPORT: Lanlate: How armed ‘herdsmen’ kill, kidnap farmers in Oyo community https://t.co/79vV4VNW1W, 1298592576904331266, 2020-08-26 12:06:11
RT @NnamdiFans: @MaziNnamdiKanu @SecPompeo @AFP @CFR_org @JohnCampbellcfr @TimesofIsrael @UKParliament @USinNigeria @UKinNigeria @EUinNiger…, 1298592597930315776, 2020-08-26 12:06:16
RT @NkirukaNistoran: Bandits kidnap Igbo trader, other in Katsina Community attack 

SaharaReporters gathered that an Igbo trader whose hus…, 1298592621741461504, 2020-08-26 12:06:22
RT @PremiumTimesng: SPECIAL REPORT: Lanlate: How armed ‘herdsmen’ kill, kidnap farmers in Oyo community https://t.co/79vV4VNW1W, 1298592622173458434, 2020-08-26 12:06:22
@gpasdinspisorry On est beaucoup à être comme ça mais vous préférez les bandits, 1298592636920635393, 2020-08-26 12:06:25
RT @XahraBKumbo: Meet Muhammadu Buhari, the first President that promised he'll changed Nigeria in 2 years but 5 years he didn't change any…, 1298592665676718088, 2020-08-26 12:06:32
RT @NkirukaNistoran: World's outcry grows louder as 37 Christians killed so far this Month in Nigeria by Muslim Fulani extremists

There wa…, 1298592675441127424, 2020-08-26 12:06:35
RT @ManchesterNyx: Some victims are released. Others, I like to keep. Many, I break. 

@FerulaMiss @NannyEva1
#kidnap Mistresses Manchester…, 1298592682416246784, 2020-08-26 12:06:36
RT @MrOdanz: Nigeria hates peaceful protesters. Nigeria brutalizes and murders groups like Shiites and IPPB that protests peacefully.

But…, 1298592684442112001, 2020-08-26 12:06:37
RT @MoEltiMbooKoki: Donc hier en plein #Douala 5 des dizaines de jeunes bandits munis d'armes blanches ont braqué une pizzeria, et les comm…, 1298592684802744320, 2020-08-26 12:06:37
@MirzaRohailBai2 @majorgauravarya Dear madarsa chaap terrorist kidnap him and sell him to your Napak Army., 1298592693300244485, 2020-08-26 12:06:39
RT @ElochukwuOhagi: Take on those calling themselves your leaders. They are your number 1 enemy. They have occupied space in eternal servic…, 1298592703991754754, 2020-08-26 12:06:41
RT @Xetame: That tinubu slave in Lagos called @igbokwe_joe Look at wat he said before he started eating Fulani fruits. Today he can open hi…, 1298592708924252160, 2020-08-26 12:06:43
RT @JohnRMoffitt: Pompeo was in that secret meeting with Trump when an overwhelming number of hands went up and the decision was made to ki…, 1298592712283824129, 2020-08-26 12:06:43
RT @Cres25674315: The time has come
Let us meet this people face to face
@radiobiafralive @MaziNnamdiKanu, 1298592721414881280, 2020-08-26 12:06:46
RT @chimbiko_jerome: Have you had @PoliceNG @HQNigerianArmy DSS or SARS clashed with Fulani Herdsmen or BokoHaram?   @GarShehu, 1298592725915369473, 2020-08-26 12:06:47
RT @schaheid: In a shooting War, India fears losing its strategic oil reserves and an energy blockade imposed in the Arabian Sea, at the sa…, 1298592726598983680, 2020-08-26 12:06:47
RT @VolgaMistress: The Double Dom kidnap &amp; pegging session with beautiful #busty Mistress Charlotte  (oh, those delightful natural breasts…, 1298592734933123077, 2020-08-26 12:06:49
RT @MaziNnamdiKanu: Oduduwa Amotekun are armed, Fulani Miyetti Allah are armed, Fulani terror herdsmen are armed, Fulani funded Bandits are…, 1298592753627078657, 2020-08-26 12:06:53
RT @EgwuEgwuPrince1: BREAKING NEWS.....
HERE ARE BOKOHARAM/FULANI'S TERRORIZING EVERY COMMUNITY &amp; STATES.
NIGERIA SOLDIERS, DSS, SARS &amp; POL…, 1298592757905346561, 2020-08-26 12:06:54
RT @EdoIpob: This is nigeria police officer, taking picture with fulani terrorist with arms but when it comes to armless Biafrans they will…, 1298592760430239752, 2020-08-26 12:06:55
RT @DejiAdesogan: Operation Sahel Sanity of the Nigerian Army conducted a successful raid operation of an illegal mining site in Bukuyyum L…, 1298592764788117504, 2020-08-26 12:06:56
RT @biafra4ever: We have been telling the world about the activities of the #British sponsored Fulani terrorists in Nigga-area, and they're…, 1298592778679721985, 2020-08-26 12:06:59
RT @greggutfeld: @AriFleischer DNC had a convicted murderer who raped and tortured a kidnap victim, on their roster - the media dutifully i…, 1298592782190358528, 2020-08-26 12:07:00
RT @RaceEastern: It's foolish for any Igbo to shouting #Ozoemena when Fulani terrorists are killing them since 1970 without letting up. Stu…, 1298592785889714178, 2020-08-26 12:07:01
RT @MaziNnamdiKanu: State terrorism is terrorism. Fulani terrorism is terrorism. Fulani @NGRPresident terrorism is terrorism. @PoliceNG ter…, 1298592816470401025, 2020-08-26 12:07:08
RT @IchidaOdum: Very shocking concern on today's  #Biafrans to #British daily Killingsof #Biafra/#Christians by his allied Arab Islamics in…, 1298592819863597057, 2020-08-26 12:07:09
RT @ChineduConside2: When last did @PoliceNG and @NigeriaDss clash with fulani herdsmen and Bokoharam terrorists. Killing unarmed Igbo/Biaf…, 1298592827627188225, 2020-08-26 12:07:11
RT @MaziNnamdiKanu: State terrorism is terrorism. Fulani terrorism is terrorism. Fulani @NGRPresident terrorism is terrorism. @PoliceNG ter…, 1298592843745959937, 2020-08-26 12:07:15
RT @EdehAlexi: Thousands of #IPOB members in aba abia state under the command of mazi nnamdi kanu holds a peaceful protest in solidarity wi…, 1298592858392473601, 2020-08-26 12:07:18
RT @GiggleQueen2018: You kidnap souls, feeding off their light. Eventually, they will break free. 

#storyintwelve, 1298592897235787781, 2020-08-26 12:07:28
RT @MaziNnamdiKanu: State terrorism is terrorism. Fulani terrorism is terrorism. Fulani @NGRPresident terrorism is terrorism. @PoliceNG ter…, 1298592911039356929, 2020-08-26 12:07:31
RT @ifeomaStellaAd1: When will the Army, Police, DSS, and SARS clash with the Fulani Herdsmen?, 1298592917364379649, 2020-08-26 12:07:32
@twojays1974 @GlennWool BMX Bandits was a movie, 1298592941858893827, 2020-08-26 12:07:38
RT @Omambala_Chuks: #RT @Amaka_Ekwo: RT @MaziNnamdiKanu: State terrorism is terrorism. Fulani terrorism is terrorism. Fulani @NGRPresident…, 1298592948007907330, 2020-08-26 12:07:40
RT @MaziNnamdiKanu: State terrorism is terrorism. Fulani terrorism is terrorism. Fulani @NGRPresident terrorism is terrorism. @PoliceNG ter…, 1298592958745382915, 2020-08-26 12:07:42
RT @MaziNnamdiKanu: State terrorism is terrorism. Fulani terrorism is terrorism. Fulani @NGRPresident terrorism is terrorism. @PoliceNG ter…, 1298592980366893060, 2020-08-26 12:07:47
RT @u_nwaigwe: What do you expect from them, if not what their doing now. They don't want any truth to be said because they are #Terrorist.…, 1298592994334052352, 2020-08-26 12:07:51
RT @oluchristty: DEAR IGBO LEADERS,
FULANI  IS DOING  WHAT IS BEST FOR THEM AND THEIR PEOPLE, WHEN WILL YOU START TO DO WHAT IS BEST FOR YO…, 1298592995856588803, 2020-08-26 12:07:51
RT @rezaparchizadeh: Security service says Tehran and its proxies gave training, money and direction to Palestinians, who planned to carry…, 1298593005507575808, 2020-08-26 12:07:53
RT @davidkingtheo: On August 26, 2016 This young man was killed in his farmland in Nimbo Enugu State Biafra. · The world is mute to the Nig…, 1298593022020595713, 2020-08-26 12:07:57
RT @ifeomaStellaAd1: When will the Army, Police, DSS, and SARS clash with the Fulani Herdsmen?, 1298593031642374150, 2020-08-26 12:08:00
RT @RaceEastern: It's foolish for any Igbo to shouting #Ozoemena when Fulani terrorists are killing them since 1970 without letting up. Stu…, 1298593074268995585, 2020-08-26 12:08:10
@IJeoven @MrDickson_O @MagnusOdikanwa @vanguardngrnews Go to Yoruba Land Aunty...u want them to give u land in Vill… https://t.co/yWFndjBWuR, 1298593083915984897, 2020-08-26 12:08:12
RT @MaziNnamdiKanu: State terrorism is terrorism. Fulani terrorism is terrorism. Fulani @NGRPresident terrorism is terrorism. @PoliceNG ter…, 1298593088772939776, 2020-08-26 12:08:13
RT @AzaIpob: #WE are putin D world on notice ugwunagbo local government is under siege now ,  suspected  members of isis , #BokoHaram and f…, 1298593092594012161, 2020-08-26 12:08:14
RT @IpobosisiomaLga: The Idiotic politicians from Biafraland ,are talking about 2023 Igbo presidency, while the Fulani's that promised them…, 1298593110872805379, 2020-08-26 12:08:18
RT @MalachyOdo1: Asked my friend who's a DSS official in Enugu why they've never clashed with Fulani herdsmen and he just started laughing…, 1298593137070354432, 2020-08-26 12:08:25
RT @MachuksO: Ethnics cleansing is terrorism 
@StateDept @UN @hrw @UNHumanRights @SecPompeo 
Time to disintegrate Nigeria to save lives of…, 1298593137586249728, 2020-08-26 12:08:25
RT @IpobosisiomaLga: #Biafrakillings is a global conspiracy, 
Are you telling me that the 
@eu
@un
@realDonaldTrump 
@netanyahu
@SecPompeo…, 1298593141738606592, 2020-08-26 12:08:26
@UN appointment of a Fulani origin as a representative of the organization in Nigeria is a conspiracy aimed at help… https://t.co/0OczO20o3v, 1298593151083479045, 2020-08-26 12:08:28
RT @UmuodeZone: That tinubu slave in Lagos called @igbokwe_joe Look at wat he said before he started eating Fulani fruits. Today he can ope…, 1298593175569825792, 2020-08-26 12:08:34
RT @IpobosisiomaLga: State sponsored terrorism is terrorism, Fulani.
@NGRPresident terrorism is terrorism.
@policeng terrorism is terrorism…, 1298593191910924289, 2020-08-26 12:08:38
RT @JustSociety4all: John Momoh of Channels Television - the official voice and image maker for the Fulani Herdsmen has been rewarded by Mu…, 1298593210466480128, 2020-08-26 12:08:42
RT @henryshield: - Negotiate and dine with armed bandits in the North. 

- Shoot South East youths for having a peaceful meeting. 

Please…, 1298593214006472710, 2020-08-26 12:08:43
RT @XahraBKumbo: Meet Muhammadu Buhari, the first President that promised he'll changed Nigeria in 2 years but 5 years he didn't change any…, 1298593215038226432, 2020-08-26 12:08:43
RT @RaceEastern: We in IPOB strongly reject @NniaNwodo, his #Ohanaeze, the #governors and other political elites' #DEPOSITS in Igbo land.…, 1298593221669523457, 2020-08-26 12:08:45
@Laviina1990 Heb je die met Hale Berry gezien? Kidnap? Of Obssessd?, 1298593223170981896, 2020-08-26 12:08:45
Some day, 1298593240900304896, 2020-08-26 12:08:49
Asking this question is like asking when children and parents will engage in armed battle against themselves, just… https://t.co/TwkTTpRJEF, 1298593267777511424, 2020-08-26 12:08:56
RT @MaziNnamdiKanu: State terrorism is terrorism. Fulani terrorism is terrorism. Fulani @NGRPresident terrorism is terrorism. @PoliceNG ter…, 1298593276749127684, 2020-08-26 12:08:58
@ICOffenderWaifu @ICOffender @I_Make_Lemonade Let's kidnap Malaka, waifu. 

*notices this isn't dm... sheeeet, 1298593276832997376, 2020-08-26 12:08:58
RT @MarkOnyewuenyi: Bunch of Fulani slaves, 1298593282348523521, 2020-08-26 12:08:59
RT @OkeZion1: Dear president Nana kufo of Ghana,the man in this picture is jihadist Ahmed Nasir el rufai,he is the czar of d jihadist fulan…, 1298593287062855681, 2020-08-26 12:09:00
RT @joedyke: MBS’s right hand man allegedly pretended to be a pilot to kidnap a dissident prince https://t.co/e1jVdLjkBB, 1298593296831348736, 2020-08-26 12:09:03
RT @PremiumTimesng: SPECIAL REPORT: Lanlate: How armed ‘herdsmen’ kill, kidnap farmers in Oyo community https://t.co/79vV4VNW1W, 1298593299746492416, 2020-08-26 12:09:04
Happy Birthday to Sean Connery! 

Time Bandits was one of the few films that let me and my brother really connect w… https://t.co/s0Jg4vbpYB, 1298593320499924992, 2020-08-26 12:09:08
RT @MoEltiMbooKoki: Donc hier en plein #Douala 5 des dizaines de jeunes bandits munis d'armes blanches ont braqué une pizzeria, et les comm…, 1298593336790523905, 2020-08-26 12:09:12
RT @MaziNnamdiKanu: State terrorism is terrorism. Fulani terrorism is terrorism. Fulani @NGRPresident terrorism is terrorism. @PoliceNG ter…, 1298593337587400710, 2020-08-26 12:09:13
RT @oluchristty: How can we be one country with different judicial systems?

Support #BiafraExit, that's the only solution to end Fulani te…, 1298593341173620738, 2020-08-26 12:09:13
RT @ChukwudubemIgb1: @MaziNnamdiKanu @NGRPresident @CFR_org @USinNigeria @DailyPostNGR @GuardianNigeria @PunchlineAfric @MobilePunch @vangu…, 1298593349453205504, 2020-08-26 12:09:15
RT @XahraBKumbo: Meet Muhammadu Buhari, the first President that promised he'll changed Nigeria in 2 years but 5 years he didn't change any…, 1298593359007748098, 2020-08-26 12:09:18
RT @MaziNnamdiKanu: State terrorism is terrorism. Fulani terrorism is terrorism. Fulani @NGRPresident terrorism is terrorism. @PoliceNG ter…, 1298593369703231489, 2020-08-26 12:09:20
RT @JohnCleese: Happy 90th birthday to my Time Bandits co-star Sir Sean Connery! Here's to many more young man! https://t.co/bRz1cVNsWE, 1298593371649265664, 2020-08-26 12:09:21
RT @ChukwudubemIgb1: @MaziNnamdiKanu @NGRPresident @CFR_org @USinNigeria @DailyPostNGR @GuardianNigeria @PunchlineAfric @MobilePunch @vangu…, 1298593376317501440, 2020-08-26 12:09:22
RT @DejiAdesogan: BREAKING: The Nigerian Army has finally captured the dreaded Ottu forest, bandits hideouts along Abuja-Lokoja expressway.…, 1298593389273919491, 2020-08-26 12:09:25
RT @MaziNnamdiKanu: State terrorism is terrorism. Fulani terrorism is terrorism. Fulani @NGRPresident terrorism is terrorism. @PoliceNG ter…, 1298593436707192832, 2020-08-26 12:09:36
RT @FreeAllPeople4: Is this not child abuse? Understandably, fulani does not know what that is. https://t.co/KoJlp7OSbm, 1298593445095903232, 2020-08-26 12:09:38
@proudpagan_ @PriyankaVPatil5 @yogrishiramdev Sati was a tradition where a widow gave up her body in the fire after… https://t.co/vH7cplOi3K, 1298593447301902336, 2020-08-26 12:09:39
RT @MaziNnamdiKanu: State terrorism is terrorism. Fulani terrorism is terrorism. Fulani @NGRPresident terrorism is terrorism. @PoliceNG ter…, 1298593479279476742, 2020-08-26 12:09:46
RT @MaziNnamdiKanu: State terrorism is terrorism. Fulani terrorism is terrorism. Fulani @NGRPresident terrorism is terrorism. @PoliceNG ter…, 1298593492978012160, 2020-08-26 12:09:50
@MargaretSiegien @elonmusk @DigitalTrends @CurieuxExplorer @PawlowskiMario @Nicochan33 Most people Will ether think… https://t.co/740NpHPvug, 1298593532089966592, 2020-08-26 12:09:59
RT @MaziNnamdiKanu: State terrorism is terrorism. Fulani terrorism is terrorism. Fulani @NGRPresident terrorism is terrorism. @PoliceNG ter…, 1298593563287130112, 2020-08-26 12:10:06
@StateDept @SecPompeo @netanyahu @JohnCampbellcfr @WhiteHouse @RandPaul
Nigeria is a terrorist state… https://t.co/3ImwRR2sbp, 1298593565128286209, 2020-08-26 12:10:07
RT @MaziNnamdiKanu: State terrorism is terrorism. Fulani terrorism is terrorism. Fulani @NGRPresident terrorism is terrorism. @PoliceNG ter…, 1298593575605854208, 2020-08-26 12:10:09
RT @IpobosisiomaLga: #Biafrakillings is a global conspiracy, 
Are you telling me that the 
@eu
@un
@realDonaldTrump 
@netanyahu
@SecPompeo…, 1298593584761802752, 2020-08-26 12:10:11
RT @biafra4ever: Has anybody ever asked: Why should #Britain dt gave #Biafrans Christianity go to arm Fulani Islamic terrorists to kill d s…, 1298593587106643968, 2020-08-26 12:10:12
@9ja4sure @YeleSowore @MBuhari @NigBarAssoc @elrufai Obasanjo will never have allowed this killings in the north, h… https://t.co/28isfmyQ2w, 1298593590051045376, 2020-08-26 12:10:13
RT @MalachyOdo1: Asked my friend who's a DSS official in Enugu why they've never clashed with Fulani herdsmen and he just started laughing…, 1298593590252380161, 2020-08-26 12:10:13
RT @Tungwoso: @GREATBritain does it mean that Christianity is a scam! What is the essence of Christianity in our land ? Pls answer @BorisJo…, 1298593605108600837, 2020-08-26 12:10:16
RT @biafra4ever: @MaziNnamdiKanu @SenJoniErnst @ChuckGrassley @realDonaldTrump The four most deadly terror groups in the world are owned by…, 1298593631935311872, 2020-08-26 12:10:23
RT @MaziNnamdiKanu: State terrorism is terrorism. Fulani terrorism is terrorism. Fulani @NGRPresident terrorism is terrorism. @PoliceNG ter…, 1298593642995757057, 2020-08-26 12:10:25
RT @RealmaziChinon2: https://t.co/eASPuNJsN4 https://t.co/uar0niVlqg, 1298593666517401600, 2020-08-26 12:10:31
SPECIAL REPORT: Lanlate: How armed ‘herdsmen’ kill, kidnap farmers in Oyo community https://t.co/PitHxBAn75 https://t.co/o0cpNcPm4Q, 1298593673010020353, 2020-08-26 12:10:33
RT @MaziNnamdiKanu: State terrorism is terrorism. Fulani terrorism is terrorism. Fulani @NGRPresident terrorism is terrorism. @PoliceNG ter…, 1298593677909032960, 2020-08-26 12:10:34
SPECIAL REPORT: Lanlate: How armed ‘herdsmen’ kill, kidnap farmers in Oyo community #NSEUPDATE https://t.co/B37mXBKJEz, 1298593676906491904, 2020-08-26 12:10:33
RT @MaziNnamdiKanu: State terrorism is terrorism. Fulani terrorism is terrorism. Fulani @NGRPresident terrorism is terrorism. @PoliceNG ter…, 1298593679695851521, 2020-08-26 12:10:34
RT @DiscoursLe: @EkokaPenda "Le peuple": même des bandits politiques disent lui vouloir du bien. On aura tout vu, tout lu, tout cru., 1298593685916078081, 2020-08-26 12:10:36
RT @IpobosisiomaLga: #Biafrakillings is a global conspiracy, 
Are you telling me that the 
@eu
@un
@realDonaldTrump 
@netanyahu
@SecPompeo…, 1298593686297677830, 2020-08-26 12:10:36
RT @Xetame: That tinubu slave in Lagos called @igbokwe_joe Look at wat he said before he started eating Fulani fruits. Today he can open hi…, 1298593697731416065, 2020-08-26 12:10:38
RT @C_Oranye: @MaziNnamdiKanu @Amaka_Ekwo @StateDept The SE, SS &amp; SW look 4wd to breaking away from the murderous fulanis

Now the Middle B…, 1298593701090996225, 2020-08-26 12:10:39
Ebonyi State Governor, David Umahi, Calls For The Immediate Creation Of Special Courts, To Speedily Prosecute And C… https://t.co/sXTv88yXQB, 1298593704362618881, 2020-08-26 12:10:40
RT @MaziNnamdiKanu: State terrorism is terrorism. Fulani terrorism is terrorism. Fulani @NGRPresident terrorism is terrorism. @PoliceNG ter…, 1298593726739156994, 2020-08-26 12:10:45
RT @akindersgarten: @Tonja_SWH @SaphireSlice the bill made it easy to unlawfully kidnap American children from their loving families withou…, 1298593757701517312, 2020-08-26 12:10:53
RT @DejiAdesogan: BREAKING: The Nigerian Army has finally captured the dreaded Ottu forest, bandits hideouts along Abuja-Lokoja expressway.…, 1298593765658173440, 2020-08-26 12:10:55
RT @abdoulaye_ms: @ahmadou_doudou Always.
Je regrette toujours de ne pas avoir gardé cette coupure de la presse ecrite (je crois bien que c…, 1298593810281377793, 2020-08-26 12:11:05
RT @wwwhandcuffcouk: ...if you plan to kidnap someone for the night, make sure you gag them properly as the last thing you need is to be wo…, 1298593811464167424, 2020-08-26 12:11:06
@Tunisianguy2 @Ydoc94 @Susan40370948 @Kenny_Sowellfan @RealCandaceO So how am I lying? You guys are mixed, neverthe… https://t.co/iMBmT2HTRr, 1298593821421314049, 2020-08-26 12:11:08
RT @MaziNnamdiKanu: State terrorism is terrorism. Fulani terrorism is terrorism. Fulani @NGRPresident terrorism is terrorism. @PoliceNG ter…, 1298593852908097536, 2020-08-26 12:11:15
RT @JustSociety4all: When will the Army, Police, DSS, and SARS clash with the Fulani Herdsmen?, 1298593854292135941, 2020-08-26 12:11:16
RT @Gabrielpatok: @MaziNnamdiKanu @StateDept @realDonaldTrump, @WhiteHouse, @StateDept, @UN, @_AfricanUnion, @ECOWASParliamnt, grant respec…, 1298593856817111042, 2020-08-26 12:11:16
RT @MaziNnamdiKanu: State terrorism is terrorism. Fulani terrorism is terrorism. Fulani @NGRPresident terrorism is terrorism. @PoliceNG ter…, 1298593869106417669, 2020-08-26 12:11:19
RT @MaziNnamdiKanu: State terrorism is terrorism. Fulani terrorism is terrorism. Fulani @NGRPresident terrorism is terrorism. @PoliceNG ter…, 1298593870499000332, 2020-08-26 12:11:20
RT @ChukwudubemIgb1: @MaziNnamdiKanu @StateDept @netanyahu @PMOIndia @JapanGov @CanadianPM @BrazilGovNews @BorisJohnson_MP @MFA_Austria @Kr…, 1298593875502800896, 2020-08-26 12:11:21
RT @MachuksO: #EnuguMassacre
We can't gather as brothers and sisters to discuss issues that concerns us

But Fulani herdsmen can rape our w…, 1298593877193039872, 2020-08-26 12:11:21
RT @IpobosisiomaLga: State sponsored terrorism is terrorism, Fulani.
@NGRPresident terrorism is terrorism.
@policeng terrorism is terrorism…, 1298593888056139777, 2020-08-26 12:11:24
RT @MaziNnamdiKanu: State terrorism is terrorism. Fulani terrorism is terrorism. Fulani @NGRPresident terrorism is terrorism. @PoliceNG ter…, 1298593888580653056, 2020-08-26 12:11:24
That laughter, I'm sorry reflects more of the harm that is been done to dis country by dis present country, than d… https://t.co/P1S9TUcY3M, 1298593893450219520, 2020-08-26 12:11:25
RT @JamilaOthman3: My name is Jamila, I'm fulani from Adamawa state, please since ASUU and FG are not willing to resume our schools, retwee…, 1298593898399490048, 2020-08-26 12:11:26
RT @ncheks2005: the fulani inspector General of Police secretly &amp; met with him on a different location to discuss the matter &amp; later agree…, 1298593913276637185, 2020-08-26 12:11:30
RT @MaziNnamdiKanu: The people of Biafra can't continue to be menaced by the Fulani Janjaweed freely slaughtering lives in the British colo…, 1298593924370649088, 2020-08-26 12:11:32
RT @MaziNnamdiKanu: State terrorism is terrorism. Fulani terrorism is terrorism. Fulani @NGRPresident terrorism is terrorism. @PoliceNG ter…, 1298593951335821319, 2020-08-26 12:11:39
RT @Xetame: That tinubu slave in Lagos called @igbokwe_joe Look at wat he said before he started eating Fulani fruits. Today he can open hi…, 1298593961033052160, 2020-08-26 12:11:41
@ibanhigashikata Non c’est pas normal. Trop de noirs qui meurt partant sur des théories à la con, par ce qu’ils viv… https://t.co/9eTqsnd7bz, 1298593961951539209, 2020-08-26 12:11:41
RT @Xetame: That tinubu slave in Lagos called @igbokwe_joe Look at wat he said before he started eating Fulani fruits. Today he can open hi…, 1298593989004800008, 2020-08-26 12:11:48
RT @chimbiko_jerome: Have you had @PoliceNG @HQNigerianArmy DSS or SARS clashed with Fulani Herdsmen or BokoHaram?   @GarShehu, 1298594018629214208, 2020-08-26 12:11:55
RT @MaziNnamdiKanu: Oduduwa Amotekun are armed, Fulani Miyetti Allah are armed, Fulani terror herdsmen are armed, Fulani funded Bandits are…, 1298594023863734273, 2020-08-26 12:11:56
RT @mutludc: Turkish-Backed Islamists Reportedly Kidnap 14 Christians in Syria #Afrin @USCIRF https://t.co/MvTEVRpnKD, 1298594031895744513, 2020-08-26 12:11:58
RT @MaziNnamdiKanu: State terrorism is terrorism. Fulani terrorism is terrorism. Fulani @NGRPresident terrorism is terrorism. @PoliceNG ter…, 1298594037658800133, 2020-08-26 12:11:59
@JohnCleese Absolutely loved 'Time Bandits', 1298594092251742213, 2020-08-26 12:12:12
RT @JustSociety4all: When will the Army, Police, DSS, and SARS clash with the Fulani Herdsmen?, 1298594092448964608, 2020-08-26 12:12:13
Thousands of Christian have been slaughtered in Nigeria by Fulani Government &amp; they went free.
Since the World Powe… https://t.co/0nkDE1xe5H, 1298594139949465605, 2020-08-26 12:12:24
RT @VoiceOfAFO: @MaziNnamdiKanu @NGRPresident @PoliceNG @DefenceInfoNG @UKinNigeria @SecPompeo @USinNigeria @OpenDoors @AmnestyUK @SkyNews…, 1298594160077938688, 2020-08-26 12:12:29
RT @MaziNnamdiKanu: Oduduwa Amotekun are armed, Fulani Miyetti Allah are armed, Fulani terror herdsmen are armed, Fulani funded Bandits are…, 1298594160304414722, 2020-08-26 12:12:29
RT @MachuksO: Ethnics cleansing is terrorism 
@StateDept @UN @hrw @UNHumanRights @SecPompeo 
Time to disintegrate Nigeria to save lives of…, 1298594198912937987, 2020-08-26 12:12:38
RT @Abiastatetweet1: Thousands of Christian have been slaughtered in Nigeria by Fulani Government &amp; they went free.
Since the World Powers…, 1298594209776246784, 2020-08-26 12:12:40
Pero yung pinuntahan nila minho parang dun yung sa hard carry nung na kidnap ibang members? Hahahaha di ko na tanda ng maayos, 1298594242449649666, 2020-08-26 12:12:48
RT @CharleslyobimsO: He's Hyporcite of the highest order in Igboland! Once they get to power they shift 360 degress. The zoo is just like p…, 1298594245440307200, 2020-08-26 12:12:49
RT @Abiastatetweet1: Thousands of Christian have been slaughtered in Nigeria by Fulani Government &amp; they went free.
Since the World Powers…, 1298594262876139520, 2020-08-26 12:12:53
RT @DejiAdesogan: BREAKING: The Nigerian Army has finally captured the dreaded Ottu forest, bandits hideouts along Abuja-Lokoja expressway.…, 1298594275240878085, 2020-08-26 12:12:56
RT @MaziNnamdiKanu: State terrorism is terrorism. Fulani terrorism is terrorism. Fulani @NGRPresident terrorism is terrorism. @PoliceNG ter…, 1298594285336526848, 2020-08-26 12:12:58
RT @Cres25674315: The time has come
Let us meet this people face to face
@radiobiafralive @MaziNnamdiKanu, 1298594289203777536, 2020-08-26 12:12:59
RT @OnovoOgechukwu: @MaziNnamdiKanu If the price is death for all we hold dear. We must defend ourselves against genocide orchestrated by t…, 1298594298435440640, 2020-08-26 12:13:02
RT @silver66707837: @MaziNnamdiKanu @NGRPresident @PoliceNG @DefenceInfoNG @UKinNigeria @SecPompeo @USinNigeria @OpenDoors @AmnestyUK @SkyN…, 1298594299827953670, 2020-08-26 12:13:02
RT @PremiumTimesng: SPECIAL REPORT: Lanlate: How armed ‘herdsmen’ kill, kidnap farmers in Oyo community https://t.co/79vV4VNW1W, 1298594301501476864, 2020-08-26 12:13:02
RT @MaziNnamdiKanu: @UKinNigeria @USinNigeria @EUinNigeria @POTUS @AmnestyNigeria @SecPompeo @StateDept your collective silence betray your…, 1298594302726230016, 2020-08-26 12:13:03
Stop thinking that #EmeneMassacre was planned by the Fulani and Igbo leaders. Stop giving slaves what they don't ha… https://t.co/CYWcXzq7OV, 1298594332967133184, 2020-08-26 12:13:10
RT @ChukwudubemIgb1: @MaziNnamdiKanu @NGRPresident @PoliceNG @DefenceInfoNG @UKinNigeria @SecPompeo @USinNigeria @OpenDoors @AmnestyUK @Sky…, 1298594335785713666, 2020-08-26 12:13:11
RT @IpobosisiomaLga: State sponsored terrorism is terrorism, Fulani.
@NGRPresident terrorism is terrorism.
@policeng terrorism is terrorism…, 1298594347705937920, 2020-08-26 12:13:13
@BernieSanders Do not defend all the bandits and criminals who threaten the police, whatever color they are, otherw… https://t.co/9JpZ8kDfQm, 1298594351833124865, 2020-08-26 12:13:14
RT @UmuodeZone: #IPOB volunteers in Aba holds a peaceful protest in solidarity with their Enugu counterparts murdered on Sunday 23/8/2020 b…, 1298594351866679298, 2020-08-26 12:13:14
RT @FBIMilwaukee: Today is #MissingChildrensDay, and in May of 2002, 7 year old Alexis Patterson of Milwaukee was last seen her way to scho…, 1298594357382008834, 2020-08-26 12:13:16
RT @uki_yoo: Just another one of the Bandish Bandits Music Appreciation Tweet.

The intensity &amp; emotion this scene and Song here had Made m…, 1298594368106815489, 2020-08-26 12:13:18
RT @IchidaOdum: Very shocking concern on today's  #Biafrans to #British daily Killingsof #Biafra/#Christians by his allied Arab Islamics in…, 1298594389804101634, 2020-08-26 12:13:23
RT @FBIMilwaukee: Monday, May 25th is National #MissingChildrensDay.  In 2002, 7 year old Alexis Patterson of Milwaukee was last seen her w…, 1298594390055612418, 2020-08-26 12:13:23
RT @MaziNnamdiKanu: State terrorism is terrorism. Fulani terrorism is terrorism. Fulani @NGRPresident terrorism is terrorism. @PoliceNG ter…, 1298594391251128322, 2020-08-26 12:13:24
RT @NkirukaNistoran: Angry reactions in Enugu as police frees Fulani herdsmen-kidnappers 

The kidnappers had on Friday evening abducted fo…, 1298594402273812481, 2020-08-26 12:13:26
RT @MaziNnamdiKanu: State terrorism is terrorism. Fulani terrorism is terrorism. Fulani @NGRPresident terrorism is terrorism. @PoliceNG ter…, 1298594404442284032, 2020-08-26 12:13:27
RT @MaziNnamdiKanu: State terrorism is terrorism. Fulani terrorism is terrorism. Fulani @NGRPresident terrorism is terrorism. @PoliceNG ter…, 1298594412306608129, 2020-08-26 12:13:29
RT @snnbiafra: Announcement @MaziNnamdiKanu. 23.8.2020.
From today onwards being the 23.8.2020: Anywhere that the @HQNigerianArmy, @PoliceN…, 1298594419290054656, 2020-08-26 12:13:30
You are Femi Fani-Kayode: The son of Oduduwa with a Fulani blood and a lover of the Igbo race.

You love food too https://t.co/Xgp0rcus4T, 1298594428869910531, 2020-08-26 12:13:33
RT @Helper37216548: Fulani Herdmen with Cows have their own Ak47 moving up and down in BIAFRA LAND and nobody have stop them or ask them wh…, 1298594434007826433, 2020-08-26 12:13:34
RT @Xetame: That tinubu slave in Lagos called @igbokwe_joe Look at wat he said before he started eating Fulani fruits. Today he can open hi…, 1298594436230914048, 2020-08-26 12:13:34
RT @MaziNnamdiKanu: State terrorism is terrorism. Fulani terrorism is terrorism. Fulani @NGRPresident terrorism is terrorism. @PoliceNG ter…, 1298594437627555841, 2020-08-26 12:13:35
Dengan ecah pun tak pernah balik sama² apatah lagi stranger, kang tak pasal pasal aku kena kidnap., 1298594442014728192, 2020-08-26 12:13:36
RT @Abiastatetweet1: Thousands of Christian have been slaughtered in Nigeria by Fulani Government &amp; they went free.
Since the World Powers…, 1298594443793244161, 2020-08-26 12:13:36
RT @MaziNnamdiKanu: Oduduwa Amotekun are armed, Fulani Miyetti Allah are armed, Fulani terror herdsmen are armed, Fulani funded Bandits are…, 1298594466429886465, 2020-08-26 12:13:42
RT @yo__itsbam: Good morning Kings. 
Delivery way this is my hustle please patronize me .

For your quality fabrics, kaftans, African print…, 1298594487808204801, 2020-08-26 12:13:47
HELLO ENUGU DIOCESE (CHRISTIANS) ENUGU STATE HOW BODY? CHICKENS HAVE COME HOME TO ROAST DUE TO YOUR COTTECTIVE… https://t.co/5bryOdpNZh, 1298594488890335238, 2020-08-26 12:13:47
RT @MalachyOdo1: Asked my friend who's a DSS official in Enugu why they've never clashed with Fulani herdsmen and he just started laughing…, 1298594489255239680, 2020-08-26 12:13:47
Ba rabo ba, Dan Fulani ya hadiye minti, 1298594529856159745, 2020-08-26 12:13:57
